Î»	T
400	0.00043660909944311
400.2	7.49097292028684e-05
400.4	2.3448023101924e-05
400.6	1.02059112615594e-05
400.8	5.63526670489466e-06
401	3.81003166607046e-06
401.2	3.13292946784016e-06
401.4	3.18854170498178e-06
401.6	4.23708474365563e-06
401.8	8.45514798307173e-06
402	4.23313098488358e-05
402.2	0.000448167366725442
402.4	2.51844389822635e-05
402.6	1.76899540952693e-05
402.8	9.56434308776539e-05
403	1.18312029263617e-05
403.2	1.21121615592067e-06
403.4	3.32266354533366e-07
403.6	1.41465977050068e-07
403.8	1e-07
404	1e-07
404.2	1e-07
404.4	1.33984593731096e-07
404.6	5.48692209735475e-06
404.8	1e-07
405	1e-07
405.2	1e-07
405.4	1e-07
405.6	1e-07
405.8	1e-07
406	1e-07
406.2	1e-07
406.4	1e-07
406.6	1e-07
406.8	1e-07
407	1e-07
407.2	1e-07
407.4	2.21004541568104e-07
407.6	1e-07
407.8	1e-07
408	1e-07
408.2	1e-07
408.4	1e-07
408.6	1e-07
408.8	1e-07
409	1e-07
409.2	1e-07
409.4	1e-07
409.6	1e-07
409.8	1e-07
410	1e-07
410.2	1e-07
410.4	1e-07
410.6	1e-07
410.8	1e-07
411	1e-07
411.2	1e-07
411.4	1e-07
411.6	1e-07
411.8	1e-07
412	1e-07
412.2	1e-07
412.4	1e-07
412.6	1e-07
412.8	1e-07
413	1e-07
413.2	1e-07
413.4	1e-07
413.6	1e-07
413.8	1e-07
414	1e-07
414.2	1e-07
414.4	1e-07
414.6	1e-07
414.8	1e-07
415	1e-07
415.2	1e-07
415.4	1e-07
415.6	1e-07
415.8	1e-07
416	1e-07
416.2	1e-07
416.4	1e-07
416.6	1e-07
416.8	1e-07
417	1e-07
417.2	1e-07
417.4	1e-07
417.6	1e-07
417.8	1e-07
418	1e-07
418.2	1e-07
418.4	1e-07
418.6	1e-07
418.8	1e-07
419	1e-07
419.2	1e-07
419.4	1e-07
419.6	1e-07
419.8	1e-07
420	1e-07
420.2	1e-07
420.4	1e-07
420.6	1e-07
420.8	1e-07
421	1e-07
421.2	1e-07
421.4	1e-07
421.6	1e-07
421.8	1e-07
422	1e-07
422.2	1e-07
422.4	1e-07
422.6	1e-07
422.8	1e-07
423	1e-07
423.2	1e-07
423.4	1e-07
423.6	1e-07
423.8	1e-07
424	1e-07
424.2	1e-07
424.4	1e-07
424.6	1e-07
424.8	1e-07
425	1e-07
425.2	1e-07
425.4	1e-07
425.6	1e-07
425.8	1e-07
426	1e-07
426.2	1e-07
426.4	1e-07
426.6	1e-07
426.8	1e-07
427	1e-07
427.2	1e-07
427.4	1e-07
427.6	1e-07
427.8	1e-07
428	1e-07
428.2	1e-07
428.4	1e-07
428.6	1e-07
428.8	1e-07
429	1e-07
429.2	1e-07
429.4	1e-07
429.6	1e-07
429.8	1e-07
430	1e-07
430.2	1e-07
430.4	1e-07
430.6	1e-07
430.8	1e-07
431	1e-07
431.2	1e-07
431.4	1e-07
431.6	1e-07
431.8	1e-07
432	1e-07
432.2	1e-07
432.4	1e-07
432.6	1e-07
432.8	1e-07
433	1e-07
433.2	1e-07
433.4	1e-07
433.6	1e-07
433.8	1e-07
434	1e-07
434.2	1e-07
434.4	1e-07
434.6	1e-07
434.8	1e-07
435	1e-07
435.2	1e-07
435.4	1e-07
435.6	1e-07
435.8	1e-07
436	1e-07
436.2	1e-07
436.4	1e-07
436.6	1e-07
436.8	1e-07
437	1e-07
437.2	1e-07
437.4	1e-07
437.6	1e-07
437.8	1e-07
438	1e-07
438.2	1e-07
438.4	1e-07
438.6	1e-07
438.8	1e-07
439	1e-07
439.2	1e-07
439.4	1e-07
439.6	1e-07
439.8	1e-07
440	1e-07
440.2	1e-07
440.4	1e-07
440.6	1e-07
440.8	1e-07
441	1e-07
441.2	1e-07
441.4	1e-07
441.6	1e-07
441.8	1e-07
442	1e-07
442.2	1e-07
442.4	1e-07
442.6	1e-07
442.8	1e-07
443	1e-07
443.2	1e-07
443.4	1e-07
443.6	1e-07
443.8	1e-07
444	1e-07
444.2	1e-07
444.4	1e-07
444.6	1e-07
444.8	1e-07
445	1e-07
445.2	1e-07
445.4	1e-07
445.6	1e-07
445.8	1e-07
446	1e-07
446.2	1e-07
446.4	1e-07
446.6	1e-07
446.8	1e-07
447	1e-07
447.2	1e-07
447.4	1e-07
447.6	1e-07
447.8	1e-07
448	1e-07
448.2	1e-07
448.4	1e-07
448.6	1e-07
448.8	1e-07
449	1e-07
449.2	1e-07
449.4	1e-07
449.6	1e-07
449.8	1e-07
450	1e-07
450.2	1e-07
450.4	1e-07
450.6	1e-07
450.8	1e-07
451	1e-07
451.2	1e-07
451.4	1e-07
451.6	1e-07
451.8	1e-07
452	1e-07
452.2	1e-07
452.4	1e-07
452.6	1e-07
452.8	1e-07
453	1e-07
453.2	1e-07
453.4	1e-07
453.6	1e-07
453.8	1e-07
454	1.01498251311837e-07
454.2	1e-07
454.4	1e-07
454.6	1e-07
454.8	1e-07
455	1e-07
455.2	1e-07
455.4	1e-07
455.6	1.88851940561158e-07
455.8	1.35635053841695e-07
456	1.3001572663175e-07
456.2	4.38235593507468e-07
456.4	3.60896297784526e-07
456.6	1.40669680054233e-07
456.8	1.26394631252982e-07
457	1.49830397572324e-07
457.2	1e-07
457.4	1e-07
457.6	1e-07
457.8	1e-07
458	1e-07
458.2	1e-07
458.4	1e-07
458.6	1e-07
458.8	1e-07
459	1.46018063849296e-07
459.2	1.69894877243716e-07
459.4	1e-07
459.6	1e-07
459.8	1e-07
460	1e-07
460.2	1.51801811100006e-07
460.4	5.05731923545538e-07
460.6	5.52663238179353e-07
460.8	2.22611200918283e-07
461	1.42359709699022e-07
461.2	1.36534227158774e-07
461.4	1.84035740035724e-07
461.6	3.33484988078732e-07
461.8	5.85479374215925e-07
462	4.98208073837901e-07
462.2	3.3380294170464e-07
462.4	2.93104513409101e-07
462.6	3.60037349073573e-07
462.8	5.72855769162051e-07
463	7.09630351276153e-07
463.2	4.49666943946713e-07
463.4	2.84106483126698e-07
463.6	2.4504923996078e-07
463.8	2.9996959056551e-07
464	4.80569961910142e-07
464.2	5.04488514694196e-07
464.4	2.48661084063924e-07
464.6	1.38660928334043e-07
464.8	1.12213512860768e-07
465	1.41972915103422e-07
465.2	3.50748916480993e-07
465.4	5.44172149314224e-07
465.6	1e-07
465.8	1e-07
466	1e-07
466.2	1e-07
466.4	1e-07
466.6	1e-07
466.8	1e-07
467	1e-07
467.2	1e-07
467.4	1e-07
467.6	1e-07
467.8	1e-07
468	1.42395705407108e-07
468.2	1e-07
468.4	1e-07
468.6	1e-07
468.8	1e-07
469	1e-07
469.2	1e-07
469.4	1e-07
469.6	1e-07
469.8	1e-07
470	1e-07
470.2	1e-07
470.4	1e-07
470.6	1e-07
470.8	1e-07
471	1e-07
471.2	1e-07
471.4	1.2031674034575e-07
471.6	1e-07
471.8	1e-07
472	1e-07
472.2	1e-07
472.4	1e-07
472.6	1e-07
472.8	1e-07
473	1e-07
473.2	1e-07
473.4	1e-07
473.6	1e-07
473.8	1e-07
474	1e-07
474.2	1e-07
474.4	1e-07
474.6	1e-07
474.8	1e-07
475	1e-07
475.2	1e-07
475.4	1e-07
475.6	1e-07
475.8	1e-07
476	1e-07
476.2	1e-07
476.4	1e-07
476.6	1e-07
476.8	1e-07
477	1e-07
477.2	1e-07
477.4	1e-07
477.6	1e-07
477.8	1e-07
478	1e-07
478.2	1e-07
478.4	1e-07
478.6	1e-07
478.8	1e-07
479	1e-07
479.2	1e-07
479.4	1e-07
479.6	1e-07
479.8	1e-07
480	1e-07
480.2	1e-07
480.4	1e-07
480.6	1e-07
480.8	1e-07
481	1e-07
481.2	1e-07
481.4	1e-07
481.6	1e-07
481.8	1e-07
482	1e-07
482.2	1e-07
482.4	1e-07
482.6	1e-07
482.8	1e-07
483	1e-07
483.2	1e-07
483.4	1e-07
483.6	1e-07
483.8	1e-07
484	1e-07
484.2	1e-07
484.4	1e-07
484.6	1e-07
484.8	1e-07
485	1e-07
485.2	1e-07
485.4	1e-07
485.6	1e-07
485.8	1e-07
486	1e-07
486.2	1e-07
486.4	1e-07
486.6	1e-07
486.8	1e-07
487	1e-07
487.2	1e-07
487.4	1e-07
487.6	1e-07
487.8	1e-07
488	1e-07
488.2	1e-07
488.4	1e-07
488.6	1e-07
488.8	1e-07
489	1e-07
489.2	1e-07
489.4	1e-07
489.6	1e-07
489.8	1e-07
490	1e-07
490.2	1e-07
490.4	1e-07
490.6	1e-07
490.8	1e-07
491	1e-07
491.2	1e-07
491.4	1e-07
491.6	1e-07
491.8	1e-07
492	1e-07
492.2	1e-07
492.4	1e-07
492.6	1e-07
492.8	1e-07
493	1e-07
493.2	1e-07
493.4	1e-07
493.6	1e-07
493.8	1e-07
494	1e-07
494.2	1e-07
494.4	1e-07
494.6	1e-07
494.8	1e-07
495	1e-07
495.2	1e-07
495.4	1e-07
495.6	1e-07
495.8	1e-07
496	1e-07
496.2	1e-07
496.4	1e-07
496.6	1e-07
496.8	1e-07
497	1e-07
497.2	1e-07
497.4	1e-07
497.6	1e-07
497.8	1e-07
498	1e-07
498.2	1e-07
498.4	1e-07
498.6	1e-07
498.8	1e-07
499	1e-07
499.2	1e-07
499.4	1e-07
499.6	1e-07
499.8	1e-07
500	1e-07
500.2	1e-07
500.4	1e-07
500.6	1e-07
500.8	1e-07
501	1e-07
501.2	1e-07
501.4	1e-07
501.6	1e-07
501.8	1e-07
502	1e-07
502.2	1e-07
502.4	1e-07
502.6	1e-07
502.8	1e-07
503	1e-07
503.2	1e-07
503.4	1e-07
503.6	1e-07
503.8	1e-07
504	1e-07
504.2	1e-07
504.4	1e-07
504.6	1e-07
504.8	1e-07
505	1e-07
505.2	1e-07
505.4	1e-07
505.6	1e-07
505.8	1e-07
506	1e-07
506.2	1e-07
506.4	1e-07
506.6	1e-07
506.8	1e-07
507	1e-07
507.2	1e-07
507.4	1e-07
507.6	1e-07
507.8	1e-07
508	1e-07
508.2	1e-07
508.4	1e-07
508.6	1e-07
508.8	1e-07
509	1e-07
509.2	1e-07
509.4	1e-07
509.6	1e-07
509.8	1e-07
510	1e-07
510.2	1e-07
510.4	1e-07
510.6	1e-07
510.8	1e-07
511	1e-07
511.2	1e-07
511.4	1e-07
511.6	1e-07
511.8	1e-07
512	1e-07
512.2	1e-07
512.4	1e-07
512.6	1e-07
512.8	1e-07
513	1e-07
513.2	1e-07
513.4	1e-07
513.6	1e-07
513.8	1e-07
514	1e-07
514.2	1e-07
514.4	1e-07
514.6	1e-07
514.8	1e-07
515	1e-07
515.2	1e-07
515.4	1e-07
515.6	1e-07
515.8	1e-07
516	1e-07
516.2	1e-07
516.4	1e-07
516.6	1e-07
516.8	1e-07
517	1e-07
517.2	1e-07
517.4	1e-07
517.6	1e-07
517.8	1e-07
518	1e-07
518.2	1e-07
518.4	1e-07
518.6	1e-07
518.8	1e-07
519	1e-07
519.2	1e-07
519.4	1e-07
519.6	1e-07
519.8	1e-07
520	1e-07
520.2	1e-07
520.4	1e-07
520.6	1e-07
520.8	1e-07
521	1e-07
521.2	1e-07
521.4	1e-07
521.6	1e-07
521.8	1e-07
522	1e-07
522.2	1e-07
522.4	1e-07
522.6	1e-07
522.8	1e-07
523	1e-07
523.2	1e-07
523.4	1e-07
523.6	1e-07
523.8	1e-07
524	1e-07
524.2	1e-07
524.4	1e-07
524.6	1e-07
524.8	1e-07
525	1e-07
525.2	1e-07
525.4	1e-07
525.6	1e-07
525.8	1e-07
526	1e-07
526.2	1e-07
526.4	1e-07
526.6	1e-07
526.8	1e-07
527	1e-07
527.2	1e-07
527.4	1e-07
527.6	1e-07
527.8	1e-07
528	1e-07
528.2	1e-07
528.4	1e-07
528.6	1e-07
528.8	1e-07
529	1e-07
529.2	1e-07
529.4	1e-07
529.6	1e-07
529.8	1e-07
530	1e-07
530.2	1e-07
530.4	1e-07
530.6	1e-07
530.8	1e-07
531	1e-07
531.2	1e-07
531.4	1e-07
531.6	1e-07
531.8	1e-07
532	1e-07
532.2	1e-07
532.4	1e-07
532.6	1e-07
532.8	1e-07
533	1e-07
533.2	1e-07
533.4	1e-07
533.6	1e-07
533.8	1e-07
534	1e-07
534.2	1e-07
534.4	1e-07
534.6	1e-07
534.8	1e-07
535	1e-07
535.2	1e-07
535.4	1e-07
535.6	1e-07
535.8	1e-07
536	1e-07
536.2	1e-07
536.4	1e-07
536.6	1e-07
536.8	1e-07
537	1e-07
537.2	1e-07
537.4	1e-07
537.6	1e-07
537.8	1e-07
538	1e-07
538.2	1e-07
538.4	1e-07
538.6	1e-07
538.8	1e-07
539	1e-07
539.2	1e-07
539.4	1e-07
539.6	1e-07
539.8	1e-07
540	1e-07
540.2	1e-07
540.4	1e-07
540.6	1e-07
540.8	1e-07
541	1e-07
541.2	1e-07
541.4	1e-07
541.6	1e-07
541.8	1e-07
542	1e-07
542.2	1e-07
542.4	1e-07
542.6	1e-07
542.8	1e-07
543	1e-07
543.2	1e-07
543.4	1e-07
543.6	1e-07
543.8	1e-07
544	1e-07
544.2	1e-07
544.4	1e-07
544.6	1e-07
544.8	1e-07
545	1e-07
545.2	1e-07
545.4	1e-07
545.6	1e-07
545.8	1e-07
546	1e-07
546.2	1e-07
546.4	1e-07
546.6	1e-07
546.8	1e-07
547	1e-07
547.2	1e-07
547.4	1e-07
547.6	1e-07
547.8	1e-07
548	1e-07
548.2	1e-07
548.4	1e-07
548.6	1e-07
548.8	1e-07
549	1e-07
549.2	1e-07
549.4	1e-07
549.6	1e-07
549.8	1e-07
550	1e-07
550.2	1e-07
550.4	1e-07
550.6	1e-07
550.8	1e-07
551	1e-07
551.2	1e-07
551.4	1e-07
551.6	1e-07
551.8	1e-07
552	1e-07
552.2	1e-07
552.4	1e-07
552.6	1e-07
552.8	1e-07
553	1e-07
553.2	1e-07
553.4	1e-07
553.6	1e-07
553.8	1e-07
554	1e-07
554.2	1e-07
554.4	1e-07
554.6	1e-07
554.8	1e-07
555	1e-07
555.2	1e-07
555.4	1e-07
555.6	1e-07
555.8	1e-07
556	1e-07
556.2	1e-07
556.4	1e-07
556.6	1e-07
556.8	1e-07
557	1e-07
557.2	1e-07
557.4	1e-07
557.6	1e-07
557.8	1e-07
558	1e-07
558.2	1e-07
558.4	1e-07
558.6	1e-07
558.8	1e-07
559	1e-07
559.2	1e-07
559.4	1e-07
559.6	1e-07
559.8	1e-07
560	1e-07
560.2	1e-07
560.4	1e-07
560.6	1e-07
560.8	1e-07
561	1e-07
561.2	1e-07
561.4	1e-07
561.6	1e-07
561.8	1e-07
562	1e-07
562.2	1e-07
562.4	1e-07
562.6	1e-07
562.8	1e-07
563	1e-07
563.2	1e-07
563.4	1e-07
563.6	1e-07
563.8	1e-07
564	1e-07
564.2	1e-07
564.4	1e-07
564.6	1e-07
564.8	1e-07
565	1e-07
565.2	1e-07
565.4	1e-07
565.6	1e-07
565.8	1e-07
566	1e-07
566.2	1e-07
566.4	1e-07
566.6	1e-07
566.8	1e-07
567	1e-07
567.2	1e-07
567.4	1e-07
567.6	1e-07
567.8	1e-07
568	1e-07
568.2	1e-07
568.4	1e-07
568.6	1e-07
568.8	1e-07
569	1e-07
569.2	1e-07
569.4	1e-07
569.6	1e-07
569.8	1e-07
570	1e-07
570.2	1e-07
570.4	1.33928618806457e-07
570.6	3.96245533270815e-07
570.8	1.24628574719632e-06
571	4.21326448246897e-06
571.2	1.55385331885012e-05
571.4	6.38295866892535e-05
571.6	0.000301153601436348
571.8	0.00171279260864152
572	0.0127200163043024
572.2	0.133891676225759
572.4	0.845948936398079
572.6	0.99012621469075
572.8	0.992345067862678
573	0.990458116915181
573.2	0.988594403338812
573.4	0.992300489402474
573.6	0.992375588956809
573.8	0.98919169426644
574	0.988469581581787
574.2	0.99095454474706
574.4	0.99303086334885
574.6	0.99227254921067
574.8	0.989816849228535
575	0.988325576232099
575.2	0.989132251729221
575.4	0.991386943260371
575.6	0.993177476458218
575.8	0.993196828669438
576	0.991610511812301
576.2	0.989689273066419
576.4	0.988769450085167
576.6	0.989399369646197
576.8	0.991131142699325
577	0.99291138711512
577.2	0.993742088080685
577.4	0.993219860135891
577.6	0.991683576615835
577.8	0.989953440926677
578	0.988870576826297
578.2	0.98890104464298
578.4	0.989968317317293
578.6	0.991539994497451
578.8	0.992894261866006
579	0.99343900282655
579.2	0.992948817123565
579.4	0.991628845610366
579.6	0.989997756578584
579.8	0.988661836761964
580	0.988084452121989
580.2	0.988434626873608
580.4	0.989552642287498
580.6	0.991027320654978
580.8	0.992349255094907
581	0.993086134809515
581.2	0.993021831523179
581.4	0.992214716294509
581.6	0.990961423126886
581.8	0.989687338192338
582	0.988807797013169
582.2	0.988606147311489
582.4	0.989161071609282
582.6	0.990336367295369
582.8	0.991829350581728
583	0.993261246085544
583.2	0.994284072571353
583.4	0.994674648622322
583.6	0.994389890568971
583.8	0.993569410941904
584	0.992488093983675
584.2	0.991476115425736
584.4	0.990831067762306
584.6	0.99074521528786
584.8	0.991263448076131
585	0.992278342699292
585.2	0.993560542189
585.4	0.994816065797248
585.6	0.995757029398954
585.8	0.996169299743909
586	0.995960928864867
586.2	0.995179922677381
586.4	0.993998170863776
586.6	0.992667483361157
586.8	0.991460318270241
587	0.990610000890582
587.2	0.990263256703349
587.4	0.990453458170825
587.6	0.991098019152391
587.8	0.992018931629362
588	0.992981725321086
588.2	0.993745068112459
588.4	0.994111079883865
588.6	0.993965923746717
588.8	0.993302065718135
589	0.992217769220705
589.2	0.990894831730017
589.4	0.989560534840563
589.6	0.988442733400218
589.8	0.987727381004745
590	0.987526069127219
590.2	0.987858382113201
590.4	0.988650972256543
590.6	0.989752718559584
590.8	0.990963053932158
591	0.992068624686718
591.2	0.992881922983214
591.4	0.993274852846025
591.6	0.99320085423373
591.8	0.992701394656859
592	0.991895940313179
592.2	0.990958018241468
592.4	0.990082650220438
592.6	0.98945162770262
592.8	0.98920272758009
593	0.98940755977604
593.2	0.990060882577239
593.4	0.991082375726438
593.6	0.992330202517919
593.8	0.993624198137583
594	0.994775165638426
594.2	0.995615669675734
594.4	0.9960271964616
594.6	0.995958929617594
594.8	0.995434806331965
595	0.994547784580682
595.2	0.993442766579277
595.4	0.99229170633014
595.6	0.991265572823066
595.8	0.9905078980678
596	0.990113844440066
596.2	0.990117466659753
596.4	0.990488481114951
596.6	0.991138586493309
596.8	0.991936239712589
597	0.992727753709442
597.2	0.993361678088942
597.4	0.993712790109829
597.6	0.993701884717348
597.8	0.993308096396141
598	0.99257172837475
598.2	0.991587279067529
598.4	0.990488125812935
598.6	0.989425709009471
598.8	0.988546758277036
599	0.987972072045381
599.2	0.987779768132961
599.4	0.987995026559119
599.6	0.988587374679689
599.8	0.989475639469398
600	0.990539832709817
600.2	0.991638425757741
600.4	0.992628729616319
600.6	0.993387519700819
600.8	0.993828840925417
601	0.993916197767548
601.2	0.993667166620602
601.4	0.993149737643476
601.6	0.992471118355307
601.8	0.99176097132945
602	0.991151841500319
602.2	0.990759745891629
602.4	0.990667612527141
602.6	0.990913642777656
602.8	0.991485923527955
603	0.992323829561367
603.2	0.99332600161301
603.4	0.994363949916453
603.6	0.995299620402195
603.8	0.996004633705802
604	0.996378496863676
604.2	0.996363054450562
604.4	0.995950900991436
604.6	0.995186403172976
604.8	0.994159211022801
605	0.992991392563576
605.2	0.991820313609831
605.4	0.990779907474167
605.6	0.989982978209699
605.8	0.989506846859757
606	0.989384013112217
606.2	0.98959880944041
606.4	0.990090338281721
606.6	0.990761303667016
606.8	0.99149170412811
607	0.992155739390882
607.2	0.992639747774367
607.4	0.992858675911514
607.6	0.99276862414751
607.8	0.992373494202604
608	0.991724657460561
608.2	0.99091369734646
608.4	0.990059399694473
608.6	0.989290999637126
608.8	0.988730173892644
609	0.988474265405604
609.2	0.988582880856816
609.4	0.989069458637731
609.6	0.989898780150147
609.8	0.990990753295483
610	0.992230138497007
610.2	0.993481200823248
610.4	0.994605577225681
610.6	0.995481050267472
610.8	0.996018553147473
611	0.996174778787355
611.2	0.995958302071383
611.4	0.995428121422032
611.6	0.994684785832526
611.8	0.993855503857939
612	0.99307555331425
612.2	0.992468761032684
612.4	0.992129784653543
612.6	0.992110520981281
612.8	0.99241238154767
613	0.992985441480056
613.2	0.993734711601883
613.4	0.994532981429808
613.6	0.995238823825854
613.8	0.995717499801754
614	0.995861807088575
614.2	0.995609599150849
614.4	0.99495496051058
614.6	0.993950944297438
614.8	0.992703198552799
615	0.991355395035326
615.2	0.990068765931229
615.4	0.988998931076457
615.6	0.988273459535399
615.8	0.987973302503458
616	0.988120607767522
616.2	0.988674621080373
616.4	0.989536489778232
616.6	0.990562802843623
616.8	0.99158656049193
617	0.992443009855958
617.2	0.99299660589036
617.4	0.993164598891717
617.6	0.99293279582928
617.8	0.992360108265087
618	0.991570466561174
618.2	0.990733080432558
618.4	0.99003422244668
618.6	0.989645176656605
618.8	0.989691513468673
619	0.990228558381452
619.2	0.991227096877612
619.4	0.992572216025292
619.6	0.994076731147568
619.8	0.995508722374766
620	0.996630207378856
620.2	0.997241151751545
620.4	0.997220604326097
620.6	0.996555773931917
620.8	0.995351394757316
621	0.99381554179415
621.2	0.992223313347014
621.4	0.990864796085017
621.6	0.989987040463215
621.8	0.989740918077613
622	0.990143146866075
622.2	0.991062156290346
622.4	0.992233985450484
622.6	0.993310385539322
622.8	0.993934832821281
623	0.9938333909456
623.2	0.99289874063856
623.4	0.991241690773197
623.6	0.989189076686942
623.8	0.9872202796894
624	0.985851927376612
624.2	0.985495130168016
624.4	0.98631839798424
624.6	0.988153453668012
624.8	0.990482665315463
625	0.992542067352086
625.2	0.9935509500068
625.4	0.993026935303977
625.6	0.991075491376311
625.8	0.988498881509848
626	0.986599755804052
626.2	0.986658533855815
626.4	0.98919430553991
626.6	0.993268688714085
626.8	0.996332676777394
627	0.995375135449239
627.2	0.989763531205252
627.4	0.984279482286772
627.6	0.987741504080054
627.8	0.996865953342623
628	0.942497313456337
628.2	0.680310775148191
628.4	0.329960250486499
628.6	0.130501676029502
628.8	0.0512491027735709
629	0.0213248653332701
629.2	0.00947441849009563
629.4	0.00446547674079524
629.6	0.00221423291646269
629.8	0.00114665760608855
630	0.000616451397029668
630.2	0.000342395459914855
630.4	0.000195719411400779
630.6	0.00011477313576844
630.8	6.8866924864469e-05
631	4.21886542116317e-05
631.2	2.6338603102357e-05
631.4	1.67308012611701e-05
631.6	1.07988427124395e-05
631.8	7.07393407775409e-06
632	4.69806217533825e-06
632.2	3.16048885511728e-06
632.4	2.15186965545431e-06
632.6	1.48180207835075e-06
632.8	1.03132540977489e-06
633	7.25068652580123e-07
633.2	5.14649058491978e-07
633.4	3.68624038260058e-07
633.6	2.6632180750336e-07
633.8	1.94002271272746e-07
634	1.42437596506679e-07
634.2	1.05369190836908e-07
634.4	1e-07
634.6	1e-07
634.8	1e-07
635	1e-07
635.2	1e-07
635.4	1e-07
635.6	1e-07
635.8	1e-07
636	1e-07
636.2	1e-07
636.4	1e-07
636.6	1e-07
636.8	1e-07
637	1e-07
637.2	1e-07
637.4	1e-07
637.6	1e-07
637.8	1e-07
638	1e-07
638.2	1e-07
638.4	1e-07
638.6	1e-07
638.8	1e-07
639	1e-07
639.2	1e-07
639.4	1e-07
639.6	1e-07
639.8	1e-07
640	1e-07
640.2	1e-07
640.4	1e-07
640.6	1e-07
640.8	1e-07
641	1e-07
641.2	1e-07
641.4	1e-07
641.6	1e-07
641.8	1e-07
642	1e-07
642.2	1e-07
642.4	1e-07
642.6	1e-07
642.8	1e-07
643	1e-07
643.2	1e-07
643.4	1e-07
643.6	1e-07
643.8	1e-07
644	1e-07
644.2	1e-07
644.4	1e-07
644.6	1e-07
644.8	1e-07
645	1e-07
645.2	1e-07
645.4	1e-07
645.6	1e-07
645.8	1e-07
646	1e-07
646.2	1e-07
646.4	1e-07
646.6	1e-07
646.8	1e-07
647	1e-07
647.2	1e-07
647.4	1e-07
647.6	1e-07
647.8	1e-07
648	1e-07
648.2	1e-07
648.4	1e-07
648.6	1e-07
648.8	1e-07
649	1e-07
649.2	1e-07
649.4	1e-07
649.6	1e-07
649.8	1e-07
650	1e-07
650.2	1e-07
650.4	1e-07
650.6	1e-07
650.8	1e-07
651	1e-07
651.2	1e-07
651.4	1e-07
651.6	1e-07
651.8	1e-07
652	1e-07
652.2	1e-07
652.4	1e-07
652.6	1e-07
652.8	1e-07
653	1e-07
653.2	1e-07
653.4	1e-07
653.6	1e-07
653.8	1e-07
654	1e-07
654.2	1e-07
654.4	1e-07
654.6	1e-07
654.8	1e-07
655	1e-07
655.2	1e-07
655.4	1e-07
655.6	1e-07
655.8	1e-07
656	1e-07
656.2	1e-07
656.4	1e-07
656.6	1e-07
656.8	1e-07
657	1e-07
657.2	1e-07
657.4	1e-07
657.6	1e-07
657.8	1e-07
658	1e-07
658.2	1e-07
658.4	1e-07
658.6	1e-07
658.8	1e-07
659	1e-07
659.2	1e-07
659.4	1e-07
659.6	1e-07
659.8	1e-07
660	1e-07
660.2	1e-07
660.4	1e-07
660.6	1e-07
660.8	1e-07
661	1e-07
661.2	1e-07
661.4	1e-07
661.6	1e-07
661.8	1e-07
662	1e-07
662.2	1e-07
662.4	1e-07
662.6	1e-07
662.8	1e-07
663	1e-07
663.2	1e-07
663.4	1e-07
663.6	1e-07
663.8	1e-07
664	1e-07
664.2	1e-07
664.4	1e-07
664.6	1e-07
664.8	1e-07
665	1e-07
665.2	1e-07
665.4	1e-07
665.6	1e-07
665.8	1e-07
666	1e-07
666.2	1e-07
666.4	1e-07
666.6	1e-07
666.8	1e-07
667	1e-07
667.2	1e-07
667.4	1e-07
667.6	1e-07
667.8	1e-07
668	1e-07
668.2	1e-07
668.4	1e-07
668.6	1e-07
668.8	1e-07
669	1e-07
669.2	1e-07
669.4	1e-07
669.6	1e-07
669.8	1e-07
670	1e-07
670.2	1e-07
670.4	1e-07
670.6	1e-07
670.8	1e-07
671	1e-07
671.2	1e-07
671.4	1e-07
671.6	1e-07
671.8	1e-07
672	1e-07
672.2	1e-07
672.4	1e-07
672.6	1e-07
672.8	1e-07
673	1e-07
673.2	1e-07
673.4	1e-07
673.6	1e-07
673.8	1e-07
674	1e-07
674.2	1e-07
674.4	1e-07
674.6	1e-07
674.8	1e-07
675	1e-07
675.2	1e-07
675.4	1e-07
675.6	1e-07
675.8	1e-07
676	1e-07
676.2	1e-07
676.4	1e-07
676.6	1e-07
676.8	1e-07
677	1e-07
677.2	1e-07
677.4	1e-07
677.6	1e-07
677.8	1e-07
678	1e-07
678.2	1e-07
678.4	1e-07
678.6	1e-07
678.8	1e-07
679	1e-07
679.2	1e-07
679.4	1e-07
679.6	1e-07
679.8	1e-07
680	1e-07
680.2	1e-07
680.4	1e-07
680.6	1e-07
680.8	1e-07
681	1e-07
681.2	1e-07
681.4	1e-07
681.6	1e-07
681.8	1e-07
682	1e-07
682.2	1e-07
682.4	1e-07
682.6	1e-07
682.8	1e-07
683	1e-07
683.2	1e-07
683.4	1e-07
683.6	1e-07
683.8	1e-07
684	1e-07
684.2	1e-07
684.4	1e-07
684.6	1e-07
684.8	1e-07
685	1e-07
685.2	1e-07
685.4	1e-07
685.6	1e-07
685.8	1e-07
686	1e-07
686.2	1e-07
686.4	1e-07
686.6	1e-07
686.8	1e-07
687	1e-07
687.2	1e-07
687.4	1e-07
687.6	1e-07
687.8	1e-07
688	1e-07
688.2	1e-07
688.4	1e-07
688.6	1e-07
688.8	1e-07
689	1e-07
689.2	1e-07
689.4	1e-07
689.6	1e-07
689.8	1e-07
690	1e-07
690.2	1e-07
690.4	1e-07
690.6	1e-07
690.8	1e-07
691	1e-07
691.2	1e-07
691.4	1e-07
691.6	1e-07
691.8	1e-07
692	1e-07
692.2	1e-07
692.4	1e-07
692.6	1e-07
692.8	1e-07
693	1e-07
693.2	1e-07
693.4	1e-07
693.6	1e-07
693.8	1e-07
694	1e-07
694.2	1e-07
694.4	1e-07
694.6	1e-07
694.8	1e-07
695	1e-07
695.2	1e-07
695.4	1e-07
695.6	1e-07
695.8	1e-07
696	1e-07
696.2	1e-07
696.4	1e-07
696.6	1e-07
696.8	1e-07
697	1e-07
697.2	1e-07
697.4	1e-07
697.6	1e-07
697.8	1e-07
698	1e-07
698.2	1e-07
698.4	1e-07
698.6	1e-07
698.8	1e-07
699	1e-07
699.2	1e-07
699.4	1e-07
699.6	1e-07
699.8	1e-07
700	1e-07
700.2	1e-07
700.4	1e-07
700.6	1e-07
700.8	1e-07
701	1e-07
701.2	1e-07
701.4	1e-07
701.6	1e-07
701.8	1e-07
702	1e-07
702.2	1e-07
702.4	1e-07
702.6	1e-07
702.8	1e-07
703	1e-07
703.2	1e-07
703.4	1e-07
703.6	1e-07
703.8	1e-07
704	1e-07
704.2	1e-07
704.4	1e-07
704.6	1e-07
704.8	1e-07
705	1e-07
705.2	1e-07
705.4	1e-07
705.6	1e-07
705.8	1e-07
706	1e-07
706.2	1e-07
706.4	1e-07
706.6	1e-07
706.8	1e-07
707	1e-07
707.2	1e-07
707.4	1e-07
707.6	1e-07
707.8	1e-07
708	1e-07
708.2	1e-07
708.4	1e-07
708.6	1e-07
708.8	1e-07
709	1e-07
709.2	1e-07
709.4	1e-07
709.6	1e-07
709.8	1e-07
710	1e-07
710.2	1e-07
710.4	1e-07
710.6	1e-07
710.8	1e-07
711	1e-07
711.2	1e-07
711.4	1e-07
711.6	1e-07
711.8	1e-07
712	1e-07
712.2	1e-07
712.4	1e-07
712.6	1e-07
712.8	1e-07
713	1e-07
713.2	1e-07
713.4	1e-07
713.6	1e-07
713.8	1e-07
714	1e-07
714.2	1e-07
714.4	1e-07
714.6	1e-07
714.8	1e-07
715	1e-07
715.2	1e-07
715.4	1e-07
715.6	1e-07
715.8	1e-07
716	1e-07
716.2	1e-07
716.4	1e-07
716.6	1e-07
716.8	1e-07
717	1e-07
717.2	1e-07
717.4	1e-07
717.6	1e-07
717.8	1e-07
718	1e-07
718.2	1e-07
718.4	1e-07
718.6	1e-07
718.8	1e-07
719	1e-07
719.2	1e-07
719.4	1e-07
719.6	1e-07
719.8	1e-07
720	1e-07
720.2	1e-07
720.4	1e-07
720.6	1e-07
720.8	1e-07
721	1e-07
721.2	1e-07
721.4	1e-07
721.6	1e-07
721.8	1e-07
722	1e-07
722.2	1e-07
722.4	1e-07
722.6	1e-07
722.8	1e-07
723	1e-07
723.2	1e-07
723.4	1e-07
723.6	1e-07
723.8	1e-07
724	1e-07
724.2	1e-07
724.4	1e-07
724.6	1e-07
724.8	1e-07
725	1e-07
725.2	1e-07
725.4	1e-07
725.6	1e-07
725.8	1e-07
726	1e-07
726.2	1e-07
726.4	1e-07
726.6	1e-07
726.8	1e-07
727	1e-07
727.2	1e-07
727.4	1e-07
727.6	1e-07
727.8	1e-07
728	1e-07
728.2	1e-07
728.4	1e-07
728.6	1e-07
728.8	1e-07
729	1e-07
729.2	1e-07
729.4	1e-07
729.6	1e-07
729.8	1e-07
730	1e-07
730.2	1e-07
730.4	1e-07
730.6	1e-07
730.8	1e-07
731	1e-07
731.2	1e-07
731.4	1e-07
731.6	1e-07
731.8	1e-07
732	1e-07
732.2	1e-07
732.4	1e-07
732.6	1e-07
732.8	1e-07
733	1e-07
733.2	1e-07
733.4	1e-07
733.6	1e-07
733.8	1e-07
734	1e-07
734.2	1e-07
734.4	1e-07
734.6	1e-07
734.8	1e-07
735	1e-07
735.2	1e-07
735.4	1e-07
735.6	1e-07
735.8	1e-07
736	1e-07
736.2	1e-07
736.4	1e-07
736.6	1e-07
736.8	1e-07
737	1e-07
737.2	1e-07
737.4	1e-07
737.6	1e-07
737.8	1e-07
738	1e-07
738.2	1e-07
738.4	1e-07
738.6	1e-07
738.8	1e-07
739	1e-07
739.2	1e-07
739.4	1e-07
739.6	1e-07
739.8	1e-07
740	1e-07
740.2	1e-07
740.4	1e-07
740.6	1e-07
740.8	1e-07
741	1e-07
741.2	1e-07
741.4	1e-07
741.6	1e-07
741.8	1e-07
742	1e-07
742.2	1e-07
742.4	1e-07
742.6	1e-07
742.8	1e-07
743	1e-07
743.2	1e-07
743.4	1e-07
743.6	1e-07
743.8	1e-07
744	1e-07
744.2	1e-07
744.4	1e-07
744.6	1e-07
744.8	1e-07
745	1e-07
745.2	1e-07
745.4	1e-07
745.6	1e-07
745.8	1e-07
746	1e-07
746.2	1e-07
746.4	1e-07
746.6	1e-07
746.8	1e-07
747	1e-07
747.2	1e-07
747.4	1e-07
747.6	1e-07
747.8	1e-07
748	1e-07
748.2	1e-07
748.4	1e-07
748.6	1e-07
748.8	1e-07
749	1e-07
749.2	1e-07
749.4	1e-07
749.6	1e-07
749.8	1e-07
750	1e-07
750.2	1e-07
750.4	1e-07
750.6	1e-07
750.8	1e-07
751	1e-07
751.2	1e-07
751.4	1e-07
751.6	1e-07
751.8	1e-07
752	1e-07
752.2	1e-07
752.4	1e-07
752.6	1e-07
752.8	1e-07
753	1e-07
753.2	1e-07
753.4	1e-07
753.6	1e-07
753.8	1e-07
754	1e-07
754.2	1e-07
754.4	1e-07
754.6	1e-07
754.8	1e-07
755	1e-07
755.2	1e-07
755.4	1e-07
755.6	1e-07
755.8	1e-07
756	1e-07
756.2	1e-07
756.4	1e-07
756.6	1e-07
756.8	1e-07
757	1e-07
757.2	1e-07
757.4	1e-07
757.6	1e-07
757.8	1e-07
758	1e-07
758.2	1e-07
758.4	1e-07
758.6	1e-07
758.8	1e-07
759	1e-07
759.2	1e-07
759.4	1e-07
759.6	1e-07
759.8	1e-07
760	1e-07
760.2	1e-07
760.4	1e-07
760.6	1e-07
760.8	1e-07
761	1e-07
761.2	1e-07
761.4	1e-07
761.6	1e-07
761.8	1e-07
762	1e-07
762.2	1e-07
762.4	1e-07
762.6	1e-07
762.8	1e-07
763	1e-07
763.2	1e-07
763.4	1e-07
763.6	1e-07
763.8	1e-07
764	1e-07
764.2	1e-07
764.4	1e-07
764.6	1e-07
764.8	1e-07
765	1e-07
765.2	1e-07
765.4	1e-07
765.6	1e-07
765.8	1e-07
766	1e-07
766.2	1e-07
766.4	1e-07
766.6	1e-07
766.8	1e-07
767	1e-07
767.2	1e-07
767.4	1e-07
767.6	1e-07
767.8	1e-07
768	1e-07
768.2	1e-07
768.4	1e-07
768.6	1e-07
768.8	1e-07
769	1e-07
769.2	1e-07
769.4	1e-07
769.6	1e-07
769.8	1e-07
770	1e-07
770.2	1e-07
770.4	1e-07
770.6	1e-07
770.8	1e-07
771	1e-07
771.2	1e-07
771.4	1e-07
771.6	1e-07
771.8	1e-07
772	1e-07
772.2	1e-07
772.4	1e-07
772.6	1e-07
772.8	1e-07
773	1e-07
773.2	1e-07
773.4	1e-07
773.6	1e-07
773.8	1e-07
774	1e-07
774.2	1e-07
774.4	1e-07
774.6	1e-07
774.8	1e-07
775	1e-07
775.2	1e-07
775.4	1e-07
775.6	1e-07
775.8	1e-07
776	1e-07
776.2	1e-07
776.4	1e-07
776.6	1e-07
776.8	1e-07
777	1e-07
777.2	1e-07
777.4	1e-07
777.6	1e-07
777.8	1e-07
778	1e-07
778.2	1e-07
778.4	1e-07
778.6	1e-07
778.8	1e-07
779	1e-07
779.2	1e-07
779.4	1e-07
779.6	1e-07
779.8	1e-07
780	1e-07
780.2	1e-07
780.4	1e-07
780.6	1e-07
780.8	1e-07
781	1e-07
781.2	1e-07
781.4	1e-07
781.6	1e-07
781.8	1e-07
782	1e-07
782.2	1e-07
782.4	1e-07
782.6	1e-07
782.8	1e-07
783	1e-07
783.2	1e-07
783.4	1e-07
783.6	1e-07
783.8	1e-07
784	1e-07
784.2	1e-07
784.4	1e-07
784.6	1e-07
784.8	1e-07
785	1e-07
785.2	1e-07
785.4	1e-07
785.6	1e-07
785.8	1e-07
786	1e-07
786.2	1e-07
786.4	1e-07
786.6	1e-07
786.8	1e-07
787	1e-07
787.2	1e-07
787.4	1e-07
787.6	1e-07
787.8	1e-07
788	1e-07
788.2	1e-07
788.4	1e-07
788.6	1e-07
788.8	1e-07
789	1e-07
789.2	1e-07
789.4	1e-07
789.6	1e-07
789.8	1e-07
790	1e-07
790.2	1e-07
790.4	1e-07
790.6	1e-07
790.8	1e-07
791	1e-07
791.2	1e-07
791.4	1e-07
791.6	1e-07
791.8	1e-07
792	1e-07
792.2	1e-07
792.4	1e-07
792.6	1e-07
792.8	1e-07
793	1e-07
793.2	1e-07
793.4	1e-07
793.6	1e-07
793.8	1.02610229033212e-07
794	1.05886549764341e-07
794.2	1.09258901456189e-07
794.4	1.12728047206828e-07
794.6	1.16295227334809e-07
794.8	1.19962286814373e-07
795	1.23731796639931e-07
795.2	1.27607165557897e-07
795.4	1.31592737140501e-07
795.6	1.35693871720833e-07
795.8	1.39917007948583e-07
796	1.44269702254371e-07
796.2	1.48760637540534e-07
796.4	1.5339959072689e-07
796.6	1.58197422093132e-07
796.8	1.63166029329384e-07
797	1.68318273158575e-07
797.2	1.7366788354087e-07
797.4	1.79229348369251e-07
797.6	1.85017786720224e-07
797.8	1.91048808849391e-07
798	1.97338365324365e-07
798.2	2.03902611422515e-07
798.4	2.10757820983144e-07
798.6	2.17920164128347e-07
798.8	2.25405524469227e-07
799	2.33229345635781e-07
799.2	2.41406491498728e-07
799.4	2.4995112742072e-07
799.6	2.58876631077136e-07
799.8	2.68195542488511e-07
800	2.77919563757045e-07
