λ;Rus0_46muM_bdc;Rus4_6muM_bdc;Rus46muM_bdc;Rus460muM_bdc;Rus0_46muM_adc;Rus4_6muM_adc;Rus46muM_adc;Rus460muM_adc
800;0;0;0;0;0;0;0;0
799;-8,70912E-05;-7,68122E-05;2,87814E-05;-3,88012E-05;1,06505E-05;4,12536E-05;-7,33207E-05;-2,83383E-05
798;-0,00014985;-0,000111425;-6,18803E-05;-0,000118682;-9,4003E-05;-5,47944E-06;-0,000162486;-8,44542E-05
797;-0,000111151;-4,88618E-06;2,56817E-05;6,78748E-06;6,5384E-05;-1,34634E-05;-0,000118746;3,52729E-05
796;-0,000202772;-0,000113358;-0,000134115;-8,50959E-05;-8,6697E-05;-6,63474E-05;-0,000223915;-0,000104695
795;-0,000140383;-6,82171E-05;-7,89114E-05;-5,49261E-05;-6,46228E-05;-6,89041E-05;-0,000101942;8,43499E-06
794;-0,000165888;-2,17389E-05;-4,70101E-05;-1,80202E-05;-4,21588E-05;-3,91626E-05;-9,81344E-05;-2,75206E-05
793;-0,000131794;4,01358E-05;6,95419E-06;4,61717E-05;-4,09427E-06;8,2955E-05;-0,000125126;2,83653E-05
792;-8,30035E-05;0,000116158;2,77134E-05;0,000142425;6,18075E-05;9,08363E-05;-4,54346E-06;0,000167795
791;-0,000120619;1,70362E-05;3,68301E-05;4,93554E-05;3,03714E-05;3,84354E-05;-4,42248E-05;8,61306E-05
790;-0,000167026;8,17841E-06;-8,37031E-05;5,51436E-05;-6,13841E-05;-1,3646E-05;-6,98543E-05;8,51285E-05
789;-0,000143642;2,69921E-05;-7,53438E-05;2,47825E-05;-2,61456E-05;-2,33259E-05;-9,54564E-05;1,90595E-05
788;-0,000110426;0,00010181;4,93594E-05;0,00012082;2,78576E-05;5,20309E-05;-2,87574E-05;0,000137892
787;-0,000159266;5,00395E-05;-9,01194E-06;9,83216E-05;-1,47962E-05;2,92242E-05;-0,000144266;8,91369E-05
786;-0,000139555;9,27672E-05;4,10238E-05;7,45086E-05;4,55579E-05;-7,95815E-06;-2,47653E-05;0,000188076
785;-0,0002636;4,77661E-05;-4,27151E-06;6,99307E-05;-4,50867E-05;-1,40909E-06;-8,05678E-05;5,81304E-05
784;-0,000160714;0,000118484;3,37826E-05;0,000129346;-1,13758E-05;6,39828E-05;4,99557E-05;0,000135755
783;-0,000196616;0,000181843;8,23033E-06;0,00020943;3,76794E-05;5,58931E-05;8,84375E-05;0,000141425
782;-0,000166095;0,000158631;4,62076E-05;0,000121136;4,64908E-05;9,85353E-05;2,09585E-05;0,000232516
781;-0,000209548;0,00011046;5,51683E-05;0,000175821;3,79905E-05;0,000128001;2,60277E-05;0,000209306
780;-0,000216842;0,000118092;2,54733E-05;0,000175637;-1,05465E-05;1,96218E-05;8,4308E-06;0,000197491
779;-0,000178304;0,000136048;3,08391E-05;0,000141741;-3,95418E-05;9,52729E-05;-9,22526E-05;0,000180244
778;-0,000173803;0,000184195;4,67284E-05;0,000165689;-6,80946E-05;2,67974E-05;-1,15293E-05;0,000227584
777;-0,000159214;0,000198259;8,72358E-05;0,000255177;4,19797E-06;0,000141521;5,03757E-05;0,000308009
776;-0,000150523;0,000234648;0,000181212;0,00024141;8,49963E-06;0,000103494;6,94194E-05;0,000237264
775;-0,000122844;0,000225054;7,52786E-05;0,000250834;2,76762E-05;0,000162402;8,34465E-05;0,000370086
774;-0,000197909;0,00021444;8,38232E-05;0,000250728;-3,67434E-05;6,72447E-05;1,18976E-05;0,000291549
773;-0,000167078;0,000239275;0,000187804;0,000256388;7,05415E-05;0,000109157;0,000102622;0,000334786
772;-0,000146901;0,000275616;0,000168705;0,000228249;-1,97195E-05;0,00011409;6,31679E-05;0,000305872
771;-0,000111203;0,000349117;0,000217015;0,000318277;3,31961E-05;0,000112446;3,69539E-05;0,000338453
770;-0,000198944;0,00021546;0,000164692;0,000271945;-4,36875E-05;0,000130011;-8,58773E-06;0,000348847
769;-0,000147729;0,000308822;0,000205471;0,000269155;-2,18702E-05;0,000161071;6,86836E-05;0,000294081
768;-0,000148246;0,000252844;0,000164796;0,00025773;-2,76744E-05;5,84242E-05;3,71379E-05;0,000335446
767;-0,00010458;0,000266701;0,000193328;0,000259073;-6,20059E-05;0,000102189;5,95953E-05;0,000347396
766;-9,52665E-05;0,000357747;0,000211048;0,000289477;-1,27232E-05;0,000142696;8,6362E-05;0,000373754
765;-5,60964E-05;0,000395954;0,000249433;0,000377463;-8,29215E-06;0,000182945;0,000137562;0,00038779
764;-0,000125068;0,000350555;0,000207087;0,000322621;-5,57876E-05;8,06584E-05;1,06106E-05;0,0003131
763;-0,000183787;0,000401786;0,000235465;0,000303298;-8,26294E-05;0,000121841;8,05045E-05;0,000399188
762;-9,23689E-05;0,00041502;0,00029009;0,000394578;-3,43336E-05;0,000128132;0,000211444;0,000512846
761;-6,78944E-05;0,00037213;0,000266165;0,000347659;-2,67416E-05;0,000157991;0,000137011;0,000419928
760;-0,00013257;0,00043665;0,000312374;0,000392656;-7,49346E-05;0,000110175;9,3481E-05;0,000402671
759;7,2972E-06;0,000493986;0,000357286;0,000468944;4,56356E-05;0,000165378;0,000193367;0,000509336
758;-0,00017132;0,000420434;0,000230566;0,000327544;-3,04729E-05;3,89575E-05;9,67123E-05;0,000472414
757;-8,64263E-06;0,000475047;0,000348162;0,000390287;-5,68499E-05;0,000143218;0,000147362;0,000542512
756;-2,14769E-05;0,000496157;0,00034858;0,000436526;-8,45984E-05;0,000143139;0,000110635;0,000516039
755;-3,29653E-05;0,000546358;0,000381399;0,000418541;-1,84239E-05;0,000121476;0,000143053;0,000579334
754;8,84982E-06;0,00050131;0,000379079;0,000459489;-1,51071E-05;0,000193099;0,000113787;0,000545098
753;-5,22672E-05;0,000530479;0,000336094;0,000415565;-0,000139209;0,000142565;9,71323E-05;0,000492709
752;-8,3728E-05;0,000471804;0,000315659;0,000430548;-9,02464E-05;9,80394E-05;0,000103489;0,000534725
751;9,36736E-06;0,000509263;0,000329343;0,000519512;-5,40775E-05;0,000124582;0,000105696;0,000588757
750;5,44474E-05;0,000640263;0,000442273;0,000498494;-3,15352E-05;0,000193334;0,000199121;0,000628064
749;-3,12058E-05;0,00059858;0,000399334;0,000445585;-7,57118E-05;0,000174435;0,000174607;0,000610932
748;0;0,000592275;0,000420529;0,000491804;2,55253E-05;0,000218421;0,000214886;0,000641819
747;4,74081E-05;0,000632282;0,000425978;0,000551383;-3,10688E-05;0,000215444;0,000202957;0,000636618
746;3,19327E-05;0,000622208;0,000420216;0,000568847;1,29567E-06;0,000212129;0,000205979;0,000644089
745;4,08349E-05;0,000627807;0,000460368;0,000599483;-4,15369E-05;0,000205211;0,000184565;0,000721212
744;-1,84236E-05;0,000574326;0,00040593;0,000589157;-4,14592E-05;0,000235807;0,000169037;0,000676272
743;4,72529E-05;0,000633721;0,000490614;0,000624748;-7,14369E-05;0,000259016;0,000193209;0,000722479
742;-1,84236E-05;0,00059913;0,000408433;0,000540135;-4,43871E-05;0,000204794;0,000146889;0,00066323
741;2,31859E-05;0,000578408;0,000399934;0,000586601;-6,04254E-05;0,000238444;0,000175474;0,000729794
740;3,6227E-07;0,000581521;0,000391096;0,000603066;-8,26553E-05;0,000203723;0,000196677;0,000731959
739;4,24394E-05;0,000619853;0,000442325;0,000707848;-3,10429E-05;0,000260583;0,000222559;0,000798612
738;-6,21032E-07;0,000634454;0,000436563;0,000641451;-8,6697E-05;0,000234058;0,000208869;0,000782529
737;3,0587E-05;0,000636469;0,000466156;0,000682448;-7,49086E-05;0,000265804;0,00028618;0,000797397
736;5,48582E-06;0,000643638;0,000424388;0,000718573;-6,08141E-05;0,000266718;0,000242766;0,000773973
735;-5,1235E-06;0,000635657;0,000429107;0,000704449;-6,06068E-05;0,000295647;0,000252042;0,000816412
734;-2,57721E-05;0,000654393;0,000380617;0,000706188;-6,88978E-05;0,000274994;0,00029049;0,000892562
733;-2,55651E-05;0,000618178;0,000438206;0,00074034;-2,49796E-05;0,000221553;0,000287914;0,000885245
732;-5,19567E-05;0,000664913;0,000428142;0,000783691;-6,62291E-05;0,000254395;0,000269124;0,000868181
731;3,10509E-07;0,000646334;0,000437346;0,00078211;-3,87644E-05;0,000291913;0,000278164;0,000907118
730;-4,84379E-05;0,000614646;0,00041263;0,000751249;-5,6539E-05;0,000265099;0,000305707;0,000911529
729;-4,54366E-05;0,000623882;0,000390027;0,00080301;-3,45928E-05;0,000311261;0,000319873;0,000949861
728;-3,17751E-05;0,000638301;0,000424466;0,000858229;-4,96469E-05;0,000312488;0,000301606;0,000951288
727;-2,74799E-05;0,000613625;0,00045132;0,000840094;-7,23437E-05;0,000303845;0,000295036;0,00095039
726;-0,000103131;0,000638693;0,000402801;0,000827099;-7,16959E-05;0,00031429;0,000280713;0,00096537
725;-0,000128069;0,000598135;0,000363985;0,000839962;-6,69028E-05;0,000262985;0,000247391;0,00101734
724;-4,26422E-05;0,000625976;0,000355122;0,000843231;-4,1511E-05;0,00029489;0,000329887;0,001067442
723;-7,91746E-05;0,00067156;0,000408746;0,000915432;-5,49325E-05;0,000322619;0,000366763;0,001129311
722;-0,000115497;0,000595859;0,000412734;0,00091886;-8,32512E-05;0,000384299;0,000347444;0,001063504
721;-0,000138624;0,000658816;0,000399048;0,000940925;-2,80372E-05;0,000364844;0,000392471;0,00105711
720;-0,000157507;0,000612343;0,000359893;0,000936681;-5,77049E-05;0,000311548;0,000322527;0,001086337
719;-0,000147005;0,000646465;0,00045424;0,001015913;-3,43596E-05;0,000367194;0,000393549;0,001149397
718;-0,000202565;0,000662035;0,000413725;0,000991891;-2,16111E-05;0,000362938;0,000356144;0,001144429
717;-0,00017401;0,000657795;0,000408798;0,000993315;-3,9464E-05;0,000334892;0,000331017;0,001168507
716;-0,000161646;0,00069561;0,00041688;0,001011482;-8,91323E-05;0,000338574;0,000401435;0,001169777
715;-0,000212962;0,000681112;0,000426604;0,00101847;-8,09453E-05;0,000360196;0,000385873;0,001231369
714;-0,000198116;0,000690455;0,000406138;0,001058104;-9,1179E-05;0,00036662;0,000380616;0,001264097
713;-0,000203444;0,00073301;0,000460707;0,001086508;-5,4233E-05;0,000356644;0,000385952;0,001283213
712;-0,000187201;0,000727697;0,000481123;0,001130949;-7,57118E-05;0,000391377;0,000435111;0,001304312
711;-0,000155231;0,000780674;0,000479897;0,001156376;-7,75254E-05;0,00041287;0,000473232;0,001344186
710;-0,000170285;0,000790725;0,000500236;0,001161652;-2,83741E-05;0,000395059;0,000460034;0,00134379
709;-0,000184925;0,000768685;0,000467016;0,00113298;-8,09713E-05;0,000389078;0,00041542;0,001301826
708;-0,000141573;0,000833709;0,000545193;0,001168114;-3,99563E-05;0,000423187;0,000495712;0,001403026
707;-0,000115083;0,000843082;0,000554685;0,001203647;-3,49555E-05;0,000461424;0,000498263;0,001465603
706;-0,000192685;0,000834573;0,000527199;0,001187714;-9,39252E-05;0,000428828;0,000488245;0,001362485
705;-0,000153161;0,00082062;0,000532493;0,001252638;-4,77813E-05;0,000440634;0,000458325;0,001441693
704;-0,00018058;0,000883583;0,000530589;0,001219818;-5,87154E-05;0,000444055;0,00046687;0,001483193
703;-0,000165474;0,00086845;0,000552051;0,001235225;-6,97269E-05;0,00042559;0,000494029;0,001455394
702;-0,000165836;0,000939983;0,000622705;0,001326333;-1,84239E-05;0,000458865;0,000527791;0,001541919
701;-0,00013107;0,000954333;0,00058958;0,001297835;-3,06283E-05;0,000444551;0,000506887;0,001547369
700;-0,000137278;0,000979394;0,000618975;0,001347839;-4,25215E-05;0,00047438;0,000524452;0,001585996
699;-0,000120516;0,000963813;0,000630217;0,001379745;-5,01392E-05;0,000468529;0,000546067;0,001592346
698;-0,000121085;0,001021375;0,000640885;0,001390195;-5,63317E-05;0,000432694;0,000555481;0,001617508
697;-9,10236E-05;0,001000921;0,000641615;0,001378795;-9,13863E-05;0,000458734;0,000511094;0,001641826
696;-4,84897E-05;0,001093169;0,000695587;0,001428465;-4,46203E-05;0,000476444;0,000549275;0,001695598
695;-9,08684E-05;0,00102258;0,000694987;0,001403392;-8,68265E-05;0,000455809;0,000488166;0,001642249
694;-6,55658E-05;0,001118762;0,000788025;0,001503932;-2,37877E-05;0,000502931;0,000571759;0,001696603
693;-1,19547E-05;0,001126804;0,000773804;0,001518003;9,53619E-06;0,000496636;0,000623201;0,001801998
692;2,14779E-05;0,001156041;0,000789564;0,001557603;-2,42023E-05;0,000520303;0,00060287;0,001834082
691;-2,64449E-05;0,0012021;0,000830324;0,0015071;-4,82736E-05;0,00049418;0,000606053;0,001819893
690;-2,66001E-05;0,001184284;0,000816806;0,001602622;-8,0479E-05;0,000528166;0,000600293;0,001843533
689;1,20586E-05;0,001200711;0,000831811;0,00161725;-3,70543E-05;0,000503454;0,00061389;0,001862779
688;2,73781E-05;0,001188607;0,000826879;0,001620154;-2,84E-05;0,000538485;0,000625699;0,001868339
687;4,55966E-05;0,001223481;0,000868112;0,001686887;-3,423E-05;0,000572396;0,000636904;0,00194801
686;-5,07175E-06;0,001209541;0,000828706;0,001692882;-5,36889E-05;0,000526129;0,000646767;0,001942714
685;2,08569E-05;0,001229377;0,000854671;0,001742931;-1,81907E-05;0,00054068;0,000648266;0,001967367
684;-2,79464E-06;0,001255502;0,00085154;0,001713825;-6,54778E-05;0,000555467;0,000645083;0,001953438
683;3,34336E-05;0,001298401;0,000872783;0,001804372;-2,97732E-05;0,000561763;0,000656841;0,00204634
682;6,30E-05;0,001299659;0,000888782;0,001801784;-5,72676E-06;0,000569261;0,000666941;0,002082045
681;7,04E-05;0,001282021;0,000894784;0,001846034;-1,23086E-05;0,000589353;0,000670834;0,002185731
680;5,39815E-05;0,00131858;0,000906399;0,001886246;-3,57599E-06;0,000613705;0,000692851;0,00219519
679;5,46026E-05;0,001300524;0,000909896;0,001910105;-3,62782E-06;0,000579215;0,000680146;0,002196356
678;6,15E-05;0,001297038;0,000887398;0,001915972;-3,08097E-05;0,000623999;0,000722919;0,002240817
677;5,89504E-05;0,001325264;0,000909426;0,001965915;-3,1614E-06;0,000596877;0,00073331;0,002301501
676;5,55343E-05;0,001329273;0,000925583;0,001995805;-1,32415E-05;0,00063892;0,000721972;0,002382152
675;8,14E-05;0,001338919;0,000930203;0,00207441;-1,35006E-05;0,000658309;0,000751463;0,002401979
674;8,22E-05;0,001368799;0,000952964;0,002117631;3,23409E-05;0,000670069;0,000774983;0,002406088
673;-6,46905E-06;0,00132474;0,000877324;0,002112793;-1,8994E-05;0,000620472;0,000809504;0,002479574
672;7,26E-05;0,001345471;0,000915534;0,002188141;2,59135E-06;0,000658126;0,000834554;0,002570282
671;1,56814E-05;0,001300943;0,000886668;0,002196179;-8,18848E-06;0,000664372;0,000784982;0,002504364
670;2,17362E-06;0,00135703;0,000924487;0,002252131;-1,22827E-05;0,000660583;0,000793769;0,002588023
669;7,34895E-06;0,001405103;0,000930568;0,002306213;4,3666E-05;0,000660739;0,000815056;0,002639419
668;-1,55254E-07;0,001404788;0,000943515;0,002353238;4,92638E-05;0,000718286;0,000865131;0,002711512
667;-1,67158E-05;0,00136851;0,000927593;0,002444607;2,08088E-05;0,000701951;0,000852553;0,002738039
666;-4,7403E-05;0,001349691;0,000916004;0,00247908;1,85283E-05;0,000698789;0,0008525;0,002783962
665;-5,4751E-05;0,001380332;0,000924147;0,002511651;2,04201E-05;0,000713346;0,00085229;0,002928711
664;-5,74936E-05;0,001396348;0,000932082;0,002569364;4,63612E-05;0,000742723;0,00090179;0,00296786
663;-6,64455E-05;0,00137349;0,000932865;0,00263431;3,26519E-05;0,000740763;0,000924056;0,002981131
662;-8,25896E-05;0,001379493;0,0009165;0,002709007;3,86902E-05;0,000701925;0,000915607;0,003016142
661;-4,96798E-05;0,00145056;0,000972698;0,002811757;4,77348E-05;0,000782479;0,000975855;0,003149791
660;-0,000111151;0,001400568;0,000952494;0,002841466;4,89269E-05;0,000742305;0,00093261;0,003170237
659;-0,000112134;0,001422011;0,000979538;0,002943082;4,25516E-05;0,000763633;0,000990069;0,003294529
658;-0,000119222;0,001448384;0,000990632;0,003044801;6,45546E-05;0,000784779;0,001039586;0,003359186
657;-0,000142762;0,001457192;0,001003737;0,003125478;6,03042E-05;0,000767606;0,001030977;0,003465437
656;-0,00014954;0,001509209;0,001016999;0,003214358;3,98046E-05;0,000803574;0,00105246;0,003588513
655;-0,000132363;0,00147987;0,001015589;0,003327249;5,08188E-05;0,000812697;0,001062148;0,003701571
654;-0,000153782;0,001485638;0,001023134;0,003442846;2,66655E-05;0,000802005;0,00108508;0,003792642
653;-0,000133502;0,00151031;0,001077206;0,003565211;2,24414E-05;0,000815363;0,001122785;0,003924268
652;-0,000128276;0,001543637;0,001093891;0,003692068;2,67692E-05;0,000830029;0,001166602;0,004061496
651;-0,000133191;0,0015675;0,001102977;0,003839929;3,03973E-05;0,000843727;0,001176188;0,004197649
650;-0,000171113;0,001608751;0,001143818;0,003996283;6,06411E-05;0,000849845;0,001192357;0,004339649
649;-0,000149488;0,001616776;0,001166643;0,004133146;8,1427E-05;0,000848668;0,001213216;0,004518214
648;-0,000130501;0,001667422;0,001240009;0,004308151;6,08226E-05;0,000854864;0,001274426;0,004698157
647;-0,000148402;0,001656694;0,001240452;0,004477644;6,28182E-05;0,000859518;0,001269053;0,004861115
646;-0,000115704;0,001683737;0,001254166;0,004702675;4,9523E-05;0,000890369;0,00132574;0,005075498
645;-7,5656E-05;0,001766869;0,001335723;0,004959993;9,69263E-05;0,000930452;0,001398876;0,005311923
644;-8,90574E-05;0,001794233;0,001380976;0,005175211;6,94012E-05;0,000910633;0,001405332;0,005529413
643;-7,89676E-05;0,001784867;0,001392865;0,005405344;8,72067E-05;0,000923628;0,001453683;0,005765069
642;-7,48798E-05;0,001799481;0,001430911;0,00565319;7,96646E-05;0,000933956;0,001473447;0,006016598
641;-3,05848E-05;0,001861668;0,001488064;0,006005139;0,000104391;0,000983484;0,001549692;0,006320106
640;-2,90841E-05;0,001900087;0,001525936;0,006304333;0,000127875;0,000979091;0,001586303;0,006636808
639;-3,45695E-05;0,001961369;0,001620616;0,006646098;0,000115951;0,001015913;0,001625844;0,006960223
638;7,91825E-06;0,001978588;0,001670448;0,006992516;0,000119399;0,001002836;0,00169903;0,007298731
637;-6,21032E-07;0,002000742;0,001700203;0,007347907;0,000156622;0,001022347;0,001755564;0,007696317
636;2,4221E-05;0,002028199;0,001765081;0,007817759;0,000130622;0,001032834;0,001772862;0,008088867
635;4,16112E-05;0,002044423;0,001814903;0,008264229;0,000107475;0,001030978;0,001844781;0,008526829
634;2,73263E-05;0,002073485;0,001874853;0,008711696;0,000118673;0,001048318;0,001900568;0,008985418
633;7,77E-05;0,002130355;0,00195713;0,009232843;0,000142494;0,001086297;0,002027387;0,009527558
632;7,08E-05;0,002117856;0,002007602;0,009779992;0,000115822;0,001076069;0,002036649;0,009987877
631;8,65E-05;0,002156246;0,002067553;0,01034192;0,000137232;0,001083629;0,0021359;0,010544612
630;1,04E-04;0,002172973;0,002149394;0,010994172;9,41529E-05;0,001118106;0,002205451;0,011200243
629;5,63624E-05;0,002131983;0,002214706;0,011626977;0,000108797;0,00110827;0,002226304;0,011817179
628;8,02E-05;0,002239652;0,002303462;0,012363955;0,000207589;0,001128701;0,002359187;0,012586468
627;7,39E-05;0,002218983;0,002332134;0,013106497;0,000100348;0,001106413;0,002424099;0,013231873
626;1,20E-04;0,002256067;0,002440531;0,013902567;0,000155922;0,001136523;0,002526952;0,014066732
625;1,07E-04;0,002242488;0,002512724;0,014746338;0,000131322;0,001163259;0,002590568;0,014877611
624;1,36E-04;0,002322417;0,002654288;0,015685866;0,000201548;0,001237383;0,002751762;0,015809706
623;9,76E-05;0,002316848;0,002722139;0,016670868;0,000167561;0,001237462;0,002806053;0,01672797
622;9,24E-05;0,002293496;0,002788402;0,017605752;0,000190245;0,001220113;0,002929277;0,017704493
621;1,01E-04;0,002326752;0,002935485;0,018739302;0,000203389;0,001266822;0,003086099;0,018772143
620;9,74E-05;0,002345981;0,003037003;0,019880362;0,000227915;0,001313613;0,003189507;0,019917927
619;1,30E-04;0,002388068;0,003196686;0,021106858;0,000224466;0,001323533;0,003326654;0,021099922
618;4,78222E-05;0,002389487;0,003257956;0,022389784;0,000196285;0,001329552;0,003448835;0,02231997
617;6,09E-05;0,002396161;0,003380156;0,023730468;0,00021814;0,001347009;0,003594194;0,023685965
616;3,62285E-05;0,002439251;0,003537994;0,02517378;0,000203752;0,001393443;0,003726966;0,025065071
615;2,4014E-05;0,002461455;0,003702537;0,026668426;0,000232608;0,001436976;0,003880368;0,026502754
614;2,25648E-05;0,002485788;0,00383101;0,028254077;0,000222911;0,001405877;0,004074489;0,028081249
613;-1,24205E-05;0,002500847;0,004021004;0,02996216;0,000219126;0,001456401;0,004201096;0,029727909
612;2,38064E-06;0,002503264;0,004185598;0,031687256;0,000234708;0,001509628;0,004404647;0,031395572
611;-1,24206E-06;0,002552988;0,004407531;0,033533409;0,000250083;0,001535655;0,004647075;0,033227689
610;-2,92911E-05;0,002577012;0,004582458;0,035453402;0,00022667;0,001536021;0,004766309;0,035077455
609;-3,51387E-05;0,00263634;0,00479161;0,037507899;0,000273678;0,001570324;0,004958197;0,037058364
608;-2,03384E-05;0,002658948;0,004982236;0,039585356;0,000252287;0,001592793;0,005188495;0,039082616
607;-4,81299E-06;0,002713475;0,005266184;0,041824125;0,000288717;0,001651249;0,005424047;0,041244454
606;-9,23689E-05;0,002714501;0,005435339;0,044027794;0,000220629;0,001626132;0,005613087;0,043431121
605;-4,04688E-05;0,002766827;0,005679021;0,046440594;0,000274923;0,001696798;0,005875491;0,045741982
604;-2,46336E-05;0,002844879;0,006015025;0,048917513;0,000290714;0,001753251;0,006151877;0,048162214
603;-6,33408E-05;0,002881755;0,006238317;0,051460646;0,000285321;0,001792392;0,006391631;0,050656519
602;-2,93428E-05;0,00292705;0,00654543;0,054143719;0,000309644;0,001766952;0,006657732;0,053199354
601;-4,37289E-05;0,002956829;0,006817145;0,056878585;0,000279849;0,001830017;0,00693291;0,055912389
600;-5,48577E-06;0,00305373;0,007181992;0,059712429;0,000307621;0,001872153;0,007244952;0,058613001
599;-2,03384E-05;0,003127203;0,00746346;0,062697899;0,000313611;0,001931144;0,007577985;0,061498224
598;6,05511E-06;0,003133151;0,007755717;0,06576414;0,000281587;0,001949307;0,007864871;0,064473859
597;2,58254E-05;0,003266867;0,008152165;0,068921644;0,0003286;0,002040578;0,008223377;0,067517578
596;6,21038E-06;0,003305568;0,008459651;0,072147246;0,000290377;0,002054367;0,008550384;0,070668994
595;3,19844E-05;0,003348275;0,008840847;0,07551695;0,000304924;0,00208976;0,008901174;0,073920674
594;4,98926E-05;0,003406418;0,009165952;0,078991543;0,000309514;0,002101428;0,009260671;0,077323294
593;7,01E-05;0,003471575;0,009604217;0,082559694;0,000317838;0,002221736;0,00963553;0,080852902
592;9,49E-05;0,003557368;0,009981968;0,086239081;0,000281405;0,002210013;0,010007031;0,084354161
591;1,48E-04;0,003676721;0,010379307;0,090062838;0,000311692;0,002297509;0,010476099;0,088040068
590;1,31E-04;0,00369717;0,010788038;0,09392206;0,00029144;0,002338693;0,010818109;0,091760791
589;1,72E-04;0,003766429;0,01125657;0,097851899;0,000355156;0,002384945;0,011233177;0,095607414
588;2,12E-04;0,003863775;0,011615269;0,101949584;0,000322325;0,002410788;0,011657653;0,099572516
587;2,09E-04;0,003926812;0,012074518;0,106129017;0,000346883;0,002450277;0,012110306;0,103583484
586;2,09E-04;0,003997848;0,012506534;0,11036725;0,000330493;0,002539213;0,012552105;0,10776545
585;2,60E-04;0,004021793;0,012980574;0,114747588;0,000326111;0,002602967;0,013009965;0,112003258
584;0,000287427;0,004128851;0,013463031;0,119195502;0,000352407;0,002659223;0,013483943;0,116337127
583;2,36E-04;0,004156654;0,013867629;0,123773303;0,000325696;0,002713122;0,013902463;0,120727076
582;0,000268033;0,004257385;0,014388844;0,128470507;0,00034595;0,002816004;0,014422482;0,125269308
581;0,000276707;0,004351858;0,014870632;0,133161481;0,000342319;0,002826588;0,014954787;0,129876136
580;0,000330619;0,00438155;0,015397856;0,138015341;0,000366542;0,002913867;0,015434865;0,134562685
579;0,000306666;0,004506226;0,015901783;0,143012088;0,000397976;0,002958709;0,015969828;0,139441936
578;0,000323291;0,004572551;0,016403833;0,14798769;0,00046866;0,003100068;0,016532598;0,144334241
577;0,000330334;0,004629247;0,016937581;0,153070968;0,000419556;0,003121854;0,017034335;0,149246155
576;0,000289964;0,004672454;0,017426842;0,158286657;0,00040542;0,003146242;0,017549479;0,154370113
575;0,000309877;0,004708561;0,017980853;0,163664442;0,000403812;0,003256483;0,018124951;0,159596383
574;0,000329687;0,004820992;0,01857841;0,169186901;0,000435509;0,00334419;0,018728578;0,164929627
573;0,000305242;0,004869898;0,019100168;0,174714249;0,000445417;0,003408116;0,019307705;0,170322358
572;0,00032241;0,00493435;0,019708262;0,180443909;0,000431644;0,003477021;0,019895053;0,175961613
571;2,53E-04;0,005015596;0,020292101;0,186303999;0,000423914;0,003516449;0,020476451;0,181547373
570;2,53E-04;0,005023024;0,020823329;0,192186128;0,000387757;0,003557697;0,021046748;0,18728426
569;2,44E-04;0,005130116;0,021468568;0,198251154;0,000455119;0,003634388;0,021740897;0,193214624
568;2,17E-04;0,005227159;0,022066287;0,204483267;0,000445158;0,003721671;0,022393763;0,19922997
567;2,29E-04;0,00526101;0,022711621;0,210827734;0,00041621;0,003784547;0,023059936;0,205410822
566;2,00E-04;0,00537213;0,023370504;0,21729837;0,000439892;0,003859514;0,02369529;0,211671664
565;1,90E-04;0,005469597;0,024054529;0,223818894;0,000439451;0,003927228;0,024339825;0,217982932
564;2,32E-04;0,005577198;0,024775369;0,230657618;0,000523711;0,004063345;0,025097245;0,224593892
563;2,40E-04;0,005631987;0,025463767;0,23755483;0,000470891;0,004074301;0,025785977;0,231264695
562;0,00026244;0,005781488;0,026200896;0,24453282;0,000493616;0,004196185;0,026503464;0,238046764
561;2,55E-04;0,005861621;0,02694324;0,251735713;0,000513022;0,004280525;0,027248899;0,245001405
560;2,41E-04;0,005906143;0,027699902;0,25912809;0,000502826;0,004345537;0,027985418;0,252140163
559;2,56E-04;0,006037377;0,028440505;0,266539033;0,000533051;0,004456267;0,028770978;0,259383469
558;0,000315367;0,006154022;0,029269542;0,274193522;0,000525605;0,004521516;0,029556332;0,266723334
557;0,000281652;0,006290607;0,03009076;0,282073196;0,000552069;0,004618155;0,030342231;0,274299859
556;0,000276137;0,006352804;0,030875694;0,290131059;0,000537695;0,004680264;0,031125268;0,28200516
555;0,00032702;0,006524913;0,031788613;0,298302915;0,000557466;0,004787518;0,032023931;0,289966374
554;0,000353382;0,006635349;0,032651171;0,306679573;0,000569453;0,004917835;0,032886123;0,29807642
553;0,000412277;0,006768741;0,03355205;0,315377232;0,000600747;0,005006644;0,033774527;0,306436001
552;0,000410464;0,006870823;0,03447967;0,324177202;0,000593559;0,005081057;0,034659946;0,315015464
551;0,000420307;0,007003916;0,035385623;0,333129343;0,000555209;0,005179379;0,035550823;0,323625266
550;0,00045929;0,007177771;0,03639429;0,342419412;0,000609258;0,005286096;0,036499256;0,332643717
549;0,000469988;0,007234251;0,037320882;0,351793494;0,00059182;0,005369486;0,03744241;0,341682642
548;0,000496438;0,007416225;0,038298696;0,361377921;0,000615408;0,005488906;0,038459091;0,351039588
547;0,00056341;0,007521091;0,039330352;0,371226307;0,000616187;0,005584704;0,039468264;0,360528617
546;0,000564835;0,007644305;0,040327541;0,381194349;0,000667208;0,005730409;0,040459028;0,370211571
545;0,000629148;0,007833315;0,041432622;0,391526248;0,000719584;0,005871827;0,041567938;0,380278735
544;0,000610517;0,007953343;0,042429253;0,402032014;0,000664768;0,005953531;0,042621681;0,390469401
543;0,00065527;0,008026585;0,043561875;0,412553903;0,000694303;0,006080838;0,04365647;0,400671243
542;0,000702439;0,008206362;0,044699016;0,423581567;0,000733055;0,00620805;0,044804243;0,411265104
541;0,000706068;0,008307664;0,04582997;0,434755649;0,000721323;0,006336995;0,045930767;0,422129332
540;0,000636741;0,008376517;0,04689075;0,446104255;0,000690981;0,006312717;0,047052907;0,433203696
539;0,00070967;0,008571229;0,04807756;0,457779344;0,000735236;0,006546865;0,04829655;0,444485097
538;0,000713429;0,008723319;0,049375344;0,46981525;0,000720311;0,006679937;0,04950759;0,456172078
537;0,000726518;0,008853674;0,050587527;0,482187476;0,000765659;0,006809976;0,050739015;0,468102633
536;0,000722423;0,008998153;0,051909193;0,494762536;0,000793332;0,006961105;0,05205041;0,480374216
535;0,000729913;0,009138918;0,053172748;0,507697757;0,000793591;0,007105125;0,053330889;0,492938816
534;0,000762729;0,009310454;0,054539736;0,521132287;0,000857849;0,007293025;0,054728875;0,506094336
533;0,000740411;0,009475033;0,055952604;0,534905788;0,000843646;0,007402572;0,056146769;0,519531011
532;0,000705083;0,00956007;0,057337712;0,549100157;0,000832586;0,007532402;0,057557674;0,533291816
531;0,000738441;0,009772176;0,058888267;0,564084288;0,000839726;0,007721496;0,059096323;0,547845899
530;0,00070783;0,009917951;0,060429293;0,57944059;0,000857978;0,00783418;0,060669648;0,562731384
529;0,000668565;0,010051312;0,061982203;0,595411953;0,000848605;0,007943411;0,062293554;0,578333437
528;0,000710759;0,010320513;0,063746739;0,612140235;0,000902718;0,008197557;0,064029427;0,59453529
527;0,000767991;0,010523541;0,065523419;0,629515704;0,000955278;0,00840934;0,065746443;0,611288487
526;0,000775224;0,01072878;0,067357149;0,647700306;0,000942631;0,008581252;0,06758208;0,62895441
525;0,00076654;0,010992934;0,069282565;0,666876432;0,000970809;0,008801582;0,069496484;0,647398411
524;0,000753501;0,011166169;0,071304429;0,686496075;0,000935905;0,008942459;0,071476975;0,666452645
523;0,000843198;0,011445612;0,073457751;0,70748442;0,001016962;0,009219845;0,073650317;0,686802804
522;0,000938411;0,011772563;0,075761083;0,72967362;0,001107777;0,009520984;0,075923534;0,708301543
521;0,000859999;0,012010546;0,077991593;0,752489742;0,001083149;0,009677516;0,078195857;0,730478345
520;0,000951248;0,012310721;0,080520328;0,776975211;0,001120091;0,009941916;0,080682831;0,754207849
519;0,000990176;0,012579901;0,083129908;0,80312806;0,001109101;0,010208401;0,083306091;0,779479264
518;0,001011106;0,012932417;0,085958074;0,830792364;0,001119519;0,010498118;0,086091677;0,806388616
517;0,00107118;0,013271994;0,088936809;0,85992324;0,001194167;0,010821143;0,089017922;0,83454883
516;0,001204377;0,013667892;0,092119332;0,891214725;0,001272699;0,011127839;0,092234017;0,864922582
515;0,001252203;0,014081288;0,0955046;0,924729582;0,001259055;0,011516062;0,095607856;0,897448181
514;0,001281528;0,01446828;0,099066164;0,960343596;0,001260536;0,011845262;0,099155622;0,931792914
513;0,001414012;0,014903316;0,102956149;0,99860638;0,001366063;0,012247411;0,103032233;0,968570112
512;0,001457083;0,015368536;0,107156273;1,040061052;0,001355457;0,012662989;0,10719032;1,008414089
511;0,001543186;0,015861462;0,111618567;1,084205325;0,001433161;0,013083187;0,111639069;1,050987899
510;0,00158962;0,016370605;0,116415377;1,131816204;0,00145708;0,013552998;0,116388926;1,096953451
509;0,001685335;0,016919627;0,121642474;1,182994421;0,001502271;0,01412196;0,121564994;1,146694123
508;0,001757739;0,017534442;0,127184856;1,238112147;0,001591549;0,014659471;0,127073625;1,199979603
507;0,001801442;0,018164295;0,13316119;1,297627743;0,001640785;0,01525145;0,133113915;1,257544457
506;0,001871032;0,018813809;0,139692846;1,361610706;0,001716172;0,015901315;0,139560649;1,31959635
505;0,001979884;0,019548002;0,146500829;1,429110582;0,001768571;0,016531796;0,146360228;1,385006844
504;0,002076335;0,020359532;0,153970364;1,502898033;0,001858762;0,017273142;0,153792763;1,456489384
503;0,002138012;0,021205749;0,161999765;1,581487949;0,001931246;0,01810092;0,161735499;1,53278321
502;0,002221364;0,022062525;0,170360583;1,664136346;0,001986457;0,018907356;0,170141617;1,612922489
501;0,002289279;0,022979641;0,179371539;1,752424772;0,002065784;0,019784351;0,179125542;1,698571145
500;0,002432635;0,02399191;0,189018297;1,847284849;0,00216437;0,020773054;0,188752869;1,790344774
499;0,002514767;0,025033891;0,199214477;1,94713753;0,002243443;0,021698945;0,198933089;1,887195765
498;0,002625134;0,026199948;0,209881339;2,051362331;0,002341887;0,022753553;0,209638098;1,988355696
497;0,002764591;0,027367671;0,221234086;2,161609705;0,002481399;0,023892707;0,220912257;2,095463812
496;0,002876064;0,028591839;0,233175713;2,277453001;0,002601612;0,025019211;0,23283259;2,20781213
495;0,00298991;0,029863355;0,245620463;2,397186335;0,002688613;0,026218484;0,245254019;2,32385832
494;0,003167251;0,031218865;0,258425507;2,519222077;0,002811205;0,027467384;0,257965574;2,443009197
493;0,003255728;0,032629372;0,271950516;2,647911127;0,002908448;0,028781579;0,271493027;2,567874968
492;0,003417581;0,034092439;0,285787914;2,778082665;0,003026169;0,030086116;0,285219738;2,695031702
491;0,003563815;0,035554437;0,30008823;2,904906328;0,003100702;0,031464962;0,299546042;2,820864975
490;0,003774226;0,037141891;0,314802203;3,034042891;0,003249726;0,032930215;0,314189652;2,946589052
489;0,003910919;0,038672441;0,329655621;3,169467743;0,003333436;0,034297691;0,329022178;3,079687416
488;0,004107288;0,040271842;0,344851438;3,290633972;0,003488417;0,035796547;0,344214717;3,20706588
487;0,004268466;0,041854022;0,360246662;3,40027171;0,003590358;0,037247685;0,359568397;3,314325392
486;0,004503404;0,04348935;0,375433329;3,526220139;0,003735211;0,038758201;0,374717245;3,434937775
485;0,004675506;0,045036392;0,390800658;3,616903837;0,003824766;0,040172112;0,389993379;3,529176294
484;0,004838073;0,046676;0,406021837;3,702277001;0,003973803;0,041637623;0,405259052;3,617082655
483;0,0050679;0,04822657;0,420724902;3,768619116;0,004093332;0,043067959;0,4198683;3,690356314
482;0,00524803;0,049711847;0,435079459;3,816180761;0,004240604;0,044446369;0,434196362;3,735020458
481;0,005418514;0,051175059;0,449000421;3,863821323;0,004318459;0,045802371;0,448154608;3,80292803
480;0,005504489;0,052515046;0,46226317;3,900795277;0,004399548;0,047032369;0,461291591;3,828376829
479;0,005685719;0,053821736;0,474702034;3,913471039;0,004501991;0,048231629;0,473712841;3,850311338
478;0,005822805;0,055066665;0,486448053;3,93838125;0,004611084;0,049359923;0,485416004;3,875578701
477;0,005948995;0,056162511;0,497350309;3,982575472;0,004683243;0,050403443;0,496378044;3,918620645
476;0,006024527;0,057176502;0,50725964;3,998545702;0,004741974;0,051392199;0,506272415;3,92901498
475;0,006126998;0,058158034;0,516171667;3,968271311;0,004858386;0,052261242;0,515101591;3,928359806
474;0,006151038;0,058904035;0,52416471;3,968599136;0,004854508;0,053009437;0,523086945;3,920408785
473;0,006284569;0,05967242;0,531054768;4,026744898;0,00498673;0,053663166;0,529985407;3,968613445
472;0,006291973;0,060225291;0,537003014;3,965233858;0,004990164;0,054282752;0,535867432;3,918129265
471;0,006350392;0,060779338;0,542123589;3,980016049;0,005017032;0,05479863;0,540866712;3,922731935
470;0,006366751;0,061229174;0,546192381;4,041432913;0,005060105;0,055195232;0,545008698;3,977084934
469;0,006320512;0,061554668;0,549438629;3,999635275;0,005080528;0,055467305;0,548210124;3,953647911
468;0,006383583;0,061853526;0,551955077;3,972245272;0,005150405;0,055758354;0,550746242;3,911272108
467;0,006360423;0,062042137;0,55384222;4,022969301;0,005121929;0,055950967;0,552521208;3,952091991
466;0,006378436;0,062233908;0,555221412;4,009260233;0,005167634;0,056124033;0,553907016;3,972750246
465;0,006350051;0,062361454;0,556067798;4,013000067;0,005161733;0,056171038;0,554733912;3,950191795
464;0,00634816;0,062453253;0,5566403;4,000236567;0,00519412;0,056296219;0,555284539;3,942357122
463;0,006343749;0,062519332;0,556885156;3,982662972;0,005173036;0,05629607;0,555621782;3,930766403
462;0,00634002;0,062561964;0,557172451;4,011575754;0,005191786;0,056373039;0,555832783;3,971521437
461;0,006358506;0,062629392;0,557352934;4,026277121;0,005204741;0,056428124;0,555979589;3,982881367
460;0,006356142;0,062643757;0,55759475;3,989107426;0,005169836;0,056409107;0,556176463;3,955991804
459;0,006432192;0,062783284;0,557774458;3,990157183;0,005255202;0,056503126;0,556411603;3,973118841
458;0,006461161;0,062865359;0,558111283;3,992259081;0,005239334;0,056570796;0,556666115;3,990628302
457;0,006467963;0,0629241;0,558340285;3,979204949;0,005276186;0,056622991;0,556950191;3,976818144
456;0,006481568;0,062988495;0,558598253;3,993631418;0,005291504;0,056661667;0,557213822;3,957982838
455;0,006554934;0,062990611;0,558741483;3,996864374;0,005278992;0,056617105;0,557395974;3,985482275
454;0,006511775;0,063036588;0,558768723;4,056014116;0,005273012;0,056647369;0,557453552;4,038101732
453;0,006608265;0,063145538;0,558665607;3,997631605;0,005326236;0,05676311;0,557308594;3,962371408
452;0,00660393;0,063131308;0,558133099;3,988205488;0,005287098;0,056708669;0,556857923;3,933444797
451;0,00660753;0,063072716;0,55741385;4,058416899;0,005314431;0,056656969;0,556115845;4,019018709
450;0,006471299;0,062847903;0,55622283;4,00300413;0,005186226;0,056473171;0,554900745;3,998563826
449;0,006545608;0,062797447;0,554855916;3,96721464;0,005258848;0,056434066;0,553640703;3,925310432
448;0,006583753;0,062708748;0,553347263;4,091321524;0,005326314;0,056372267;0,552071432;4,024787008
447;0,006521573;0,062580255;0,551454041;4,029282148;0,005296829;0,056252559;0,550222734;4,00032097
446;0,00647797;0,06237415;0,549427185;4,008425768;0,005294442;0,056050197;0,548214355;3,961186706
445;0,006453912;0,062192147;0,547330353;4,01192766;0,0052978;0,055887752;0,546150127;3,978136122
444;0,006406377;0,062005674;0,545122955;3,978619154;0,00529843;0,055708164;0,543989399;3,938083231
443;0,006365491;0,061795113;0,542934928;4,013239439;0,005313985;0,055473888;0,541802565;3,962224781
442;0,006242067;0,061538254;0,540555033;4,016875322;0,005198998;0,055252713;0,539441982;3,973978102
441;0,006274016;0,061346521;0,538252268;3,984538849;0,005289301;0,055145045;0,53711764;3,924215137
440;0,006206971;0,061056433;0,535625431;4,020995195;0,005225617;0,054916726;0,534618894;3,964216053
439;0,00614844;0,06089097;0,532947395;4,032733973;0,005243636;0,054678143;0,531810084;3,951752483
438;0,006121119;0,060637688;0,529876265;4,002470549;0,005197844;0,054441196;0,528896132;3,934173881
437;0,00608291;0,060339001;0,526641223;3,964272316;0,005172511;0,054141921;0,525609056;3,909938633
436;0,006084117;0,060040159;0,523029778;3,965656574;0,005208911;0,053850387;0,521978358;3,918015301
435;0,006044914;0,059692597;0,519088599;4,012679632;0,00515481;0,053486382;0,518035809;3,968292295
434;0,006016;0,059320485;0,514917526;3,984793718;0,00515502;0,053100714;0,513825873;3,949355184
433;0,006001464;0,058906523;0,510526869;3,93630224;0,005117471;0,0527257;0,509460667;3,888514816
432;0,005998185;0,058488404;0,505900893;4,004749354;0,005082101;0,052296502;0,504928032;3,949633896
431;0,00601781;0,058175722;0,501376543;3,977816399;0,005090884;0,051955526;0,500279168;3,915731251
430;0,005956419;0,057648969;0,496700499;3,917157705;0,005051794;0,051528146;0,495566646;3,857896625
429;0,00591707;0,057171316;0,492024514;3,94159561;0,00502723;0,051069898;0,490878681;3,880674898
428;0,005908178;0,056767674;0,48716006;3,935394104;0,005011396;0,050610812;0,486120144;3,87331587
427;0,005828496;0,056291198;0,482114199;3,927156504;0,004962012;0,050200125;0,48103408;3,864058792
426;0,005819631;0,055799378;0,476929459;3,932835873;0,004932762;0,049768877;0,475926587;3,854867517
425;0,005690805;0,055225024;0,471329931;3,902501162;0,004890698;0,049224333;0,470280925;3,842243492
424;0,005656199;0,054692236;0,465170864;3,914249476;0,00488564;0,048699063;0,464355538;3,847104132
423;0,005509783;0,053939612;0,458534184;3,89998823;0,004790731;0,048068379;0,457759837;3,81997615
422;0,005439581;0,053289366;0,451498452;3,877441223;0,004756907;0,047416144;0,450716326;3,790854036
421;0,005383197;0,052582783;0,443772647;3,859535034;0,004745066;0,046779362;0,443048576;3,775253117
420;0,005228675;0,05170443;0,435502532;3,837344225;0,00463793;0,046019391;0,434796164;3,751261293
419;0,005141891;0,050916152;0,42677835;3,781551893;0,004670775;0,04526176;0,426195452;3,701119005
418;0,005029652;0,049973817;0,417731139;3,744149979;0,004570204;0,044408445;0,417191068;3,662226498
417;0,004873765;0,049097092;0,408240947;3,712467964;0,004514585;0,04352107;0,407928625;3,622413456
416;0,004747704;0,04812576;0,398939792;3,665629442;0,004400307;0,042654959;0,398569593;3,585606872
415;0,004644146;0,047242848;0,389673445;3,582749899;0,004346072;0,041784884;0,389291534;3,502302467
414;0,0045506;0,04632199;0,380398754;3,539451655;0,004251673;0,040904624;0,380177924;3,443520843
413;0,004531225;0,045553015;0,371792111;3,492336567;0,004275905;0,040178296;0,371548841;3,400783836
412;0,00439729;0,044715194;0,363342348;3,423144396;0,004148504;0,039384724;0,363067755;3,33895713
411;0,004347026;0,044018251;0,355492208;3,358432587;0,004087028;0,03868948;0,355299899;3,270312845
410;0,004302387;0,043384207;0,34851465;3,321451243;0,004084935;0,038020385;0,348278353;3,231460154
409;0,004296873;0,042812189;0,341995272;3,262940939;0,004051716;0,037484446;0,341902176;3,172607719
408;0,004291698;0,042242335;0,336330357;3,217703875;0,0040106;0,036995367;0,336227695;3,127816259
407;0,004247718;0,041785752;0,331484232;3,183550413;0,004018577;0,036559173;0,331430892;3,089723646
406;0,00418804;0,041378619;0,327219847;3,139959391;0,004018446;0,036146951;0,327226261;3,05051738
405;0,004188745;0,041078152;0,323616061;3,113532837;0,003957041;0,035901339;0,323571542;3,020554125
404;0,004143835;0,040812881;0,320521358;3,085662182;0,003927047;0,035590523;0,320569823;2,994742214
403;0,004116954;0,040560135;0,318046692;3,058696564;0,003957381;0,035436602;0,318021664;2,970815479
402;0,004065495;0,040413169;0,315786872;3,040030773;0,003937141;0,035251745;0,315774688;2,953122198
401;0,003953638;0,040137985;0,313696894;3,025170858;0,003911934;0,035067306;0,313827047;2,93841201
400;0,003965493;0,040028637;0,311944101;3,008023556;0,003923727;0,034962093;0,312069068;2,920253574
399;0,003937239;0,039949366;0,310202453;2,990165766;0,003959656;0,0348873;0,3103968;2,902843058
398;0,003925124;0,039825087;0,308407668;2,978424366;0,003934657;0,034729921;0,308625588;2,891067564
397;0,003851783;0,039624637;0,306501451;2,965083655;0,00389669;0,034621597;0,306692699;2,876650631
396;0,003820769;0,039520571;0,30450112;2,938359078;0,003951236;0,034435903;0,304711649;2,853173553
395;0,003779107;0,039254074;0,302005592;2,91549116;0,003921399;0,034224031;0,302228341;2,82984668
394;0,003766657;0,039059748;0,299366686;2,900435742;0,003918994;0,033990872;0,299665788;2,813093006
393;0,003806046;0,038843708;0,29644287;2,868150528;0,003946659;0,033820422;0,296794245;2,779497921
392;0,003741495;0,03860067;0,293060664;2,832773264;0,003911306;0,033563716;0,293348053;2,747443258
391;0,003694361;0,038341959;0,289561454;2,802282866;0,003825106;0,033219529;0,289720008;2,717694818
390;0,003755772;0,038035968;0,285678301;2,764589365;0,003907959;0,032944345;0,285983572;2,682755768
389;0,003750787;0,037675192;0,28169823;2,724873598;0,003819459;0,032636342;0,281933198;2,644228994
388;0,003813956;0,037423668;0,2779156;2,688777502;0,003852217;0,032396303;0,27815474;2,607988893
387;0,00372761;0,037101989;0,274232987;2,65204912;0,003830648;0,032044274;0,274490157;2,573638498
386;0,003679694;0,036803754;0,270884428;2,620150622;0,003832112;0,031789487;0,271144906;2,542070925
385;0,003736197;0,036464205;0,268019739;2,593918617;0,003861419;0,031557155;0,26843066;2,51596862
384;0,003640656;0,036404589;0,265832427;2,571159895;0,003848347;0,031441313;0,266223529;2,494033396
383;0,003625625;0,036186257;0,264213565;2,556198891;0,003791697;0,031357226;0,264711538;2,479777157
382;0,003590505;0,036210054;0,263228092;2,54706436;0,003811303;0,031349206;0,26375691;2,471339762
381;0,003644465;0,036329271;0,26302779;2,542777594;0,003963343;0,031536193;0,263636598;2,467644512
380;0,003592697;0,036381857;0,263357315;2,546731527;0,003862073;0,031492484;0,263858119;2,469945967
379;0,0035844;0,036622544;0,264261934;2,555381353;0,003949065;0,031711393;0,26488922;2,478252947
378;0,003635463;0,036829007;0,265759084;2,568945463;0,00402216;0,0319631;0,266419778;2,492214262
377;0,003593375;0,037092568;0,267757598;2,586582716;0,004024174;0,032152717;0,268367121;2,509692728
376;0,003730664;0,037412704;0,270385418;2,611767347;0,00410288;0,032497716;0,271007607;2,533732712
375;0,003690942;0,037841761;0,273502174;2,643538292;0,004158576;0,032822003;0,274073223;2,564661562
374;0,003759165;0,038318073;0,277196858;2,674112375;0,004176995;0,033209981;0,277739057;2,594659864
373;0,003875959;0,038806935;0,281470809;2,712232645;0,004264862;0,033789792;0,281941364;2,629857122
372;0,003991164;0,039297835;0,286166761;2,763818558;0,00426651;0,034230069;0,286574939;2,677597343
371;0,004124164;0,03998466;0,291437152;2,810960348;0,004391904;0,034810738;0,291908601;2,722459375
370;0,004159484;0,040663218;0,297118727;2,85752302;0,004410988;0,035378793;0,297522316;2,772464811
369;0,004287073;0,041365543;0,303200785;2,916202362;0,004465807;0,035993767;0,303720305;2,83125931
368;0,004413366;0,042066762;0,309749756;2,971879299;0,004603437;0,036714317;0,310229639;2,887167036
367;0,004454514;0,042834049;0,316640649;3,02791148;0,004620643;0,037439847;0,317084501;2,943708717
366;0,004512686;0,043646374;0,323763046;3,090565975;0,004687722;0,038245344;0,32419906;3,001141607
365;0,00448254;0,04433841;0,330895785;3,148614462;0,004786958;0,038927631;0,33132414;3,061368048
364;0,004636377;0,045249881;0,338343475;3,209561403;0,004929486;0,039765802;0,338797608;3,120342791
363;0,004540141;0,04599885;0,34548873;3,27924567;0,004897171;0,040347365;0,345894763;3,18638283
362;0,004672289;0,046762647;0,352524612;3,321510609;0,005043903;0,041164932;0,352907429;3,235174
361;0,004683065;0,047554874;0,359116647;3,380292233;0,00511498;0,041781926;0,359570781;3,289117872
360;0,004870285;0,04827469;0,365331236;3,42582732;0,005195798;0,042538711;0,365642378;3,333888351
359;0,004965155;0,048884274;0,370725426;3,467255409;0,00518801;0,043031861;0,371121148;3,376016676
358;0,00498099;0,049481159;0,375340763;3,49865156;0,005240777;0,043527243;0,375686953;3,406642734
357;0,005137623;0,049939138;0,379361156;3,510358627;0,00532453;0,043972687;0,37962673;3,421515285
356;0,005217649;0,050313187;0,382493291;3,555040892;0,00529801;0,044302651;0,382801363;3,460424244
355;0,005230351;0,050614858;0,384883586;3,56617337;0,005318287;0,044580908;0,385207871;3,475831806
354;0,005266024;0,050912717;0,386793408;3,562124308;0,005393344;0,044871898;0,38718147;3,470467627
353;0,005285144;0,051058517;0,388215426;3,594629582;0,005396939;0,044949849;0,388463954;3,50744611
352;0,005302537;0,051258849;0,389113251;3,591259535;0,005482717;0,04510284;0,38944144;3,503229677
351;0,005330094;0,051405059;0,389755103;3,576849516;0,005493555;0,045347863;0,390038917;3,490714132
350;0,00533591;0,051463654;0,389890585;3,593444641;0,005492322;0,045326052;0,390330533;3,499813616
349;0,005747674;0,051848789;0,389716927;3,689636286;0,005703761;0,04567044;0,390398988;3,570977032
348;0,00525002;0,051599105;0,389246974;3,622515257;0,005460937;0,045512815;0,390354374;3,517901956
347;0,005259371;0,051767537;0,388774756;3,56971341;0,005661281;0,045445656;0,389737407;3,476967155
346;0,005576563;0,051795357;0,388721916;3,568393763;0,005669708;0,045752474;0,389457563;3,469441473
345;0,005080833;0,051697043;0,387787822;3,577814634;0,005496442;0,045404897;0,388738582;3,488120138
344;0,005550668;0,051949111;0,387443456;3,583107765;0,005850188;0,045751346;0,388059506;3,480296432
343;0,005432375;0,051863042;0,386493358;3,550384577;0,005524051;0,045592358;0,387412438;3,471194088
342;0,005229277;0,051825622;0,385740969;3,553334292;0,005509722;0,045414833;0,386685798;3,460624277
341;0,005564139;0,052047746;0,385162118;3,551960285;0,005698589;0,045619195;0,385942498;3,457021534
340;0,005494714;0,052135476;0,384813342;3,552730377;0,005748162;0,045724907;0,385625074;3,459793627
339;0,005742195;0,052163584;0,384443882;3,624042805;0,005905873;0,045795036;0,385405878;3,513719618
338;0,005429886;0,052140897;0,384010467;3,58533078;0,005679974;0,045673394;0,384953955;3,478587448
337;0,005627494;0,052210962;0,384149078;3,555435951;0,005683019;0,04588774;0,385367254;3,457619011
336;0,005536384;0,052326487;0,384688291;3,547100838;0,005822007;0,045944494;0,385607997;3,450222313
335;0,005634414;0,052745228;0,38584784;3,545797165;0,005970943;0,046199107;0,386718938;3,447162449
334;0,005491674;0,052782902;0,387288216;3,586108978;0,00591391;0,04633274;0,388358245;3,487282812
333;0,005571609;0,053355304;0,389696303;3,577445086;0,005959673;0,046722581;0,3906656;3,478224575
332;0,005692378;0,053740145;0,393089685;3,587850865;0,006102428;0,047122837;0,393996039;3,494149982
331;0,005671326;0,054414937;0,397257689;3,632450159;0,006263974;0,047722438;0,398452947;3,541474401
330;0,005872505;0,055153938;0,403236988;3,657723721;0,006411195;0,048434549;0,404157171;3,55975157
329;0,006035862;0,05615258;0,410537514;3,694563444;0,006645947;0,049343669;0,411337266;3,602679312
328;0,006181641;0,057145269;0,419592771;3,730707701;0,006589168;0,050167528;0,420508543;3,638788521
327;0,006370033;0,058629987;0,430903468;3,788492735;0,006856185;0,05152274;0,431705633;3,684109747
326;0,006671536;0,060055283;0,444507692;3,825105723;0,007036474;0,052976215;0,445273587;3,730258762
325;0,006993995;0,062051756;0,461120877;3,881654318;0,007256913;0,054794607;0,461793581;3,803222954
324;0,00708023;0,064113138;0,480622176;3,901086624;0,007387734;0,056608574;0,481188605;3,826346456
323;0,007459877;0,066678544;0,503914628;3,935044106;0,007680272;0,059095443;0,504490891;3,885100901
322;0,007816829;0,069670362;0,531816754;3,983517464;0,008015952;0,061916107;0,532229761;3,915284454
321;0,008306093;0,073411842;0,564384851;4,012183722;0,008469063;0,065268317;0,56444172;3,95929867
320;0,008713873;0,077423943;0,601464603;3,981335695;0,008776503;0,069079765;0,601540545;3,927034676
319;0,009168628;0,081825247;0,645072493;4,011529024;0,009165775;0,073202812;0,644973973;3,954699099
318;0,009906663;0,087219139;0,69422749;4,080121573;0,009707447;0,078139455;0,693871895;4,010103762
317;0,010783049;0,0932563;0,749643657;3,997457083;0,010376372;0,083724694;0,748993734;3,962450325
316;0,011495483;0,099673932;0,810788784;4,003645475;0,010922506;0,089831115;0,810050884;3,966040432
315;0,012242436;0,106625048;0,876140389;4,133011397;0,011499235;0,096173824;0,875374535;4,051442205
314;0,013227661;0,114015517;0,946263585;4,042556818;0,012170661;0,103092821;0,94518725;3,992435991
313;0,014093354;0,121539672;1,019115421;4,025772627;0,012837868;0,110178136;1,017556825;3,963466227
312;0,014891092;0,129023214;1,090784165;4,075067099;0,013580931;0,117070602;1,08938221;4,000181734
311;0,015788606;0,136547794;1,163167569;4,064561422;0,014303279;0,124347278;1,161672393;3,995140135
310;0,016569788;0,143819933;1,232890698;4,063490446;0,014904845;0,130977997;1,231082001;4,017165243
309;0,017359865;0,150585269;1,29755542;4,045920904;0,015582259;0,137275108;1,295952836;3,977309763
308;0,017929573;0,156838005;1,358625385;4,017902907;0,016074504;0,1431622;1,356459895;3,971843302
307;0,018557363;0,162406539;1,413769934;4,052399691;0,016512284;0,14845007;1,411657849;3,993075907
306;0,019305912;0,167847117;1,464748356;4,040856417;0,017065789;0,153430023;1,461464802;4,005309164
305;0,019713678;0,172437196;1,509974095;3,99705797;0,017454177;0,157675007;1,50637261;3,955171644
304;0,020285754;0,176766177;1,551492307;4,027945097;0,017832811;0,161706009;1,547905961;3,984263479
303;0,020880223;0,181137403;1,592155907;4,06568199;0,018265828;0,1658519;1,588267723;3,999268114
302;0,021481027;0,185442721;1,632240269;4,050888594;0,018751602;0,169896865;1,628341356;4,00890547
301;0,022028348;0,190033471;1,674544188;4,024445112;0,019227761;0,174124115;1,670038262;3,972227156
300;0,022600622;0,195054268;1,722105357;4,040810164;0,019833534;0,178887942;1,718020955;3,99760729
299;0,023181974;0,200694417;1,774762604;4,084201868;0,02024292;0,184208983;1,771308938;4,022708952
298;0,023852424;0,207381567;1,837007257;4,017955359;0,020929425;0,190436014;1,833244482;3,981469213
297;0,024697314;0,214994361;1,909094068;4,037671145;0,021576793;0,197620237;1,904519835;3,981565535
296;0,025702395;0,223577356;1,991199467;4,097636278;0,022363917;0,205585548;1,985602775;4,054211199
295;0,02689284;0,233125543;2,081813189;4,06928211;0,023269059;0,214489618;2,075446525;4,051549971
294;0,027974852;0,243397748;2,179356667;4,045453127;0,024119548;0,224104622;2,172174135;3,98144561
293;0,029254139;0,253697251;2,279841992;4,169859465;0,02502891;0,23373861;2,269872585;4,080646574
292;0,030532763;0,263924008;2,377839896;4,090484198;0,026004333;0,243438163;2,366844335;4,066051542
291;0,031524188;0,273205643;2,46750817;4,087287958;0,026793714;0,251947561;2,455241838;4,041809618
290;0,032367336;0,280760144;2,542018506;4,10867029;0,027419194;0,259124347;2,526240507;4,036909639
289;0,032926637;0,286169653;2,59427509;4,037571962;0,027993917;0,264223197;2,577338615;3,987594425
288;0,033237155;0,289059048;2,622605416;4,06111389;0,028417268;0,26697708;2,605137745;4,031704485
287;0,033129985;0,289029305;2,622767302;4,059139784;0,028384707;0,266978421;2,603418031;4,003016531
286;0,032906677;0,286275958;2,591522786;4,00989538;0,028341777;0,264437356;2,57410399;3,965580522
285;0,03241638;0,280937438;2,539103839;4,019516523;0,027984298;0,259553054;2,523368278;3,975898563
284;0,031604997;0,273396259;2,465183112;4,064833696;0,027439951;0,252504417;2,450325409;4,026923239
283;0,03076427;0,264307057;2,372299525;4,02165943;0,026832275;0,244054237;2,360994259;4,004556238
282;0,029684463;0,254116987;2,271009538;4,041658457;0,026133962;0,234699779;2,262046018;3,998254835
281;0,028487679;0,242779513;2,159605357;4,038968142;0,025355391;0,224208095;2,15247933;4,013001501
280;0,027079749;0,231084352;2,046361062;4,071319635;0,024417605;0,213419759;2,040207306;4,036222994
279;0,025812774;0,219317248;1,928504202;4,036795672;0,023660602;0,20246444;1,924714247;3,989380657
278;0,024471975;0,20731174;1,810224626;4,061076696;0,022721713;0,191321411;1,808253089;4,010570585
277;0,023159648;0,195552906;1,694507691;4,185387667;0,021906167;0,180445963;1,693391124;4,105800688
276;0,022021408;0,183856254;1,579332921;4,042480047;0,021093402;0,169542232;1,578822056;3,998279154
275;0,020900397;0,172572827;1,46826956;4,044282015;0,020278271;0,159045943;1,468316952;3,992140352
274;0,019786904;0,162041505;1,364952895;4,109853323;0,019497705;0,149309584;1,365736404;4,030695974
273;0,018749093;0,15197592;1,266742203;4,031982477;0,018844442;0,139964306;1,267897526;3,976605713
272;0,017743542;0,142821585;1,17720339;4,034524496;0,018199268;0,131402307;1,178658286;3,974018633
271;0,016850562;0,13480643;1,098802659;4,0546537;0,017653655;0,123969444;1,100670496;3,994208872
270;0,016115197;0,127775048;1,029916617;4,015976484;0,017098564;0,117451885;1,031827131;3,963778793
269;0,015437405;0,121893158;0,9713119;4,060481127;0,016712542;0,112017424;0,973390261;4,006598055
268;0,014952018;0,117130344;0,923359368;4,067534025;0,01653126;0,107500346;0,925736466;4,014430105
267;0,014649425;0,113283028;0,885072026;4,009815748;0,016273215;0,103990988;0,887377063;3,957520544
266;0,01434311;0,110411083;0,855100963;4,055691298;0,016130223;0,101289482;0,857592681;4,008669912
265;0,014301282;0,108347317;0,833344075;4,054432448;0,016174601;0,09945348;0,836055556;3,998938143
264;0,014353487;0,107314197;0,820726487;4,028195913;0,016201201;0,098512286;0,823263982;3,977466881
263;0,014293527;0,107220036;0,818397495;4,00718313;0,016378928;0,098488161;0,821159998;3,952304899
262;0,014394304;0,108583552;0,829501185;4,069404657;0,016577078;0,099783377;0,832010845;3,999355852
261;0,014910855;0,111549792;0,855730686;4,072366293;0,017090288;0,102579841;0,858146528;4,014863073
260;0,015488407;0,116301564;0,898271236;4,041618403;0,017599655;0,106962645;0,900385538;3,970862686
259;0,016267543;0,122422641;0,954925272;4,012956198;0,018267612;0,112776757;0,956947366;3,968787014
258;0,017207107;0,129296755;1,019141647;4,078079756;0,019120484;0,119249569;1,020814577;4,000462591
257;0,018031764;0,135831913;1,081774685;4,011584814;0,019737416;0,125387767;1,083267847;3,959354937
256;0,018799647;0,141288971;1,132508847;3,994385298;0,020595684;0,13063612;1,133998433;3,959433615
255;0,019343897;0,144861152;1,164724085;4,065631445;0,021247288;0,134070509;1,166655699;4,020137369
254;0,01969348;0,146786486;1,18120155;4,027979429;0,021737825;0,136042574;1,182647863;3,977340757
253;0,020002589;0,14787366;1,188315842;4,051949556;0,02226773;0,137251848;1,189909735;3,981757938
252;0,02041733;0,148897072;1,193389627;4,055787142;0,022844165;0,138291323;1,195046702;4,000490248
251;0,020906887;0,150130888;1,201232764;4,038316305;0,023490866;0,139638388;1,202858845;3,98062402
250;0,021455389;0,151664143;1,211374494;4,024091776;0,024113768;0,141208866;1,213248769;3,978191435